tenure_years,product_count,has_direct_deposit,login_freq_90d,avg_balance_trend,nsf_count_6m,complaints_6m,cd_maturing_90d,debit_swipe_delta,churn
2.82,2,1,18,-303.66,2,0,1,14.73,0
18.06,2,1,19,-296.37,0,0,0,-17.73,0
7.9,4,1,13,470.87,2,0,0,-10.71,1
5.48,2,0,15,264.13,0,0,1,7.87,0
1.02,4,1,18,451.86,1,0,0,-1.77,0
1.02,1,0,10,669.34,0,0,0,5.06,0
0.36,3,1,23,-152.83,1,0,0,14.69,0
12.07,4,0,18,-593.7,1,0,1,12.36,0
5.51,1,0,14,-590.48,0,0,0,-16.36,0
7.39,2,0,15,-919.05,1,0,0,0.18,0
0.12,1,0,11,-229.38,3,0,0,-13.81,1
21.02,3,0,15,-192.11,1,0,0,-11.66,0
10.72,2,0,18,393.78,4,0,0,-25.66,0
1.43,3,1,19,8.46,0,0,0,2.0,0
1.2,1,1,16,-245.16,0,1,0,-26.77,0
1.22,1,1,24,-58.0,0,1,0,5.91,0
2.18,1,1,18,-519.49,5,0,0,20.38,0
4.46,2,1,13,512.7,0,0,0,7.96,0
3.39,3,1,21,-392.96,0,2,0,0.78,0
2.07,4,1,13,-569.97,0,0,0,23.02,0
5.68,3,1,16,408.94,0,0,0,4.91,0
0.9,2,1,18,287.08,2,0,0,-12.94,0
2.07,5,0,13,-861.84,0,0,0,1.88,0
2.74,3,1,14,427.5,2,0,0,29.4,0
3.65,5,0,11,-370.8,0,0,0,-16.39,0
9.23,2,1,26,-187.05,2,0,0,-20.7,0
1.34,2,0,19,93.51,0,0,0,9.22,0
4.33,1,0,26,293.31,0,1,1,-3.36,0
5.39,3,0,8,222.74,0,0,0,-7.98,0
0.29,1,0,10,-24.91,0,0,1,-18.89,0
5.61,2,1,20,-212.32,0,0,0,-29.25,0
1.12,2,0,16,206.11,0,0,0,-21.85,0
0.4,3,0,14,-59.19,0,0,1,24.22,0
17.84,3,0,22,902.68,0,0,0,-0.13,0
20.22,1,0,19,293.2,0,0,1,-29.44,0
9.91,2,1,14,-461.71,0,2,0,17.76,1
2.18,3,0,17,-238.8,1,0,0,18.52,0
0.62,5,1,19,24.1,5,0,0,18.44,1
6.92,3,0,15,649.72,0,1,0,-6.34,0
3.48,5,1,20,705.55,0,0,1,-4.03,0
0.78,3,0,17,-198.07,0,0,0,2.06,0
4.1,3,1,13,-466.82,0,1,0,21.02,1
0.21,1,1,10,-530.75,1,0,1,-8.32,1
14.4,3,0,19,126.21,0,0,1,-11.32,0
1.8,3,0,25,1151.89,0,0,0,10.44,0
6.52,3,0,14,269.55,0,0,0,18.14,0
2.24,2,1,19,-796.96,1,0,0,-0.79,0
4.4,2,1,18,-363.0,0,0,0,10.06,0
4.75,2,0,14,-311.96,3,0,1,1.69,0
1.23,2,0,20,-411.0,2,1,1,-3.77,1
20.96,1,0,23,-193.95,0,0,0,-12.44,0
8.95,4,1,25,184.7,0,0,0,-17.31,0
16.83,1,0,22,340.99,0,0,0,-9.22,0
13.51,1,1,15,545.88,0,1,0,-14.64,1
5.47,2,1,21,262.1,0,0,0,4.25,0
15.3,3,1,21,-977.08,0,0,0,18.26,0
0.56,2,1,26,-528.65,0,0,0,3.06,0
1.31,2,0,28,-79.05,0,1,0,-13.81,0
0.28,3,1,18,73.64,2,0,0,12.83,0
2.36,2,1,15,430.71,3,0,0,4.45,1
2.95,5,1,15,21.59,0,0,0,7.42,0
1.9,5,1,17,25.35,0,0,0,-7.79,0
10.59,2,0,17,118.9,0,1,0,17.0,0
2.65,2,1,15,-127.51,2,3,0,16.92,0
1.98,3,1,8,43.44,3,0,0,-2.76,0
4.69,1,0,19,562.92,0,0,0,10.78,0
0.91,2,0,13,-41.96,0,0,0,16.52,1
9.72,2,0,21,-15.11,0,0,0,-6.98,0
0.46,5,1,27,-16.79,0,0,0,-1.22,0
26.0,1,0,16,648.89,1,2,0,1.2,0
8.88,3,0,18,-554.03,0,0,0,-16.47,0
1.33,3,0,12,887.92,3,0,0,6.62,1
0.1,2,0,22,-588.19,0,1,0,15.34,1
10.14,1,1,17,-327.11,1,0,0,-2.16,0
7.36,5,0,14,372.37,0,0,0,5.1,0
7.83,2,1,34,515.16,0,0,0,20.98,0
8.85,3,1,15,-701.75,1,0,0,-6.08,0
0.46,1,1,15,-546.35,3,0,0,5.4,0
2.66,2,1,14,138.92,1,1,1,-8.55,1
0.74,2,0,20,1172.21,1,0,0,-8.96,0
11.93,1,0,17,623.13,1,1,0,5.13,0
5.86,1,0,18,-124.05,0,0,0,3.62,0
2.41,4,0,12,-1209.56,1,0,0,8.33,0
0.39,1,1,25,40.82,1,0,0,1.14,0
2.23,1,1,23,181.15,0,0,0,6.98,0
2.36,2,0,18,-191.35,0,0,1,24.98,0
7.85,3,0,23,-425.36,1,1,0,15.9,0
6.09,1,1,14,79.58,1,0,1,5.08,0
13.09,3,0,13,-471.13,0,0,0,7.57,0
3.83,1,1,14,936.22,1,0,0,-4.48,0
0.76,1,1,25,758.37,1,0,0,-2.39,0
7.49,1,1,12,328.96,0,1,0,7.39,0
8.58,4,1,16,44.86,1,1,0,1.31,0
4.94,1,0,17,-330.08,0,0,0,11.9,0
8.84,1,0,13,-10.39,0,0,0,19.01,0
4.08,2,1,22,819.65,0,0,0,-1.53,0
4.44,4,0,22,434.33,2,0,0,-30.14,0
3.35,2,0,14,101.85,0,0,0,30.51,0
0.15,2,1,22,461.99,1,0,0,-9.79,0
0.69,1,1,22,272.81,0,0,0,2.93,0
0.19,2,0,20,198.14,2,0,0,10.91,0
6.07,3,0,19,490.28,2,1,0,21.13,0
2.26,3,0,20,258.51,2,0,0,27.09,1
4.26,2,1,13,429.28,1,0,0,-5.46,0
14.29,2,0,14,80.69,2,0,0,17.85,0
1.72,1,1,16,-127.06,0,1,1,2.97,1
3.17,2,1,16,-274.08,0,1,0,41.15,0
8.45,1,1,17,-333.65,0,1,1,16.51,0
1.56,3,1,26,-802.59,1,0,0,-2.66,0
0.48,5,1,25,-455.97,0,0,1,-11.9,0
2.05,5,1,18,-470.43,0,0,0,-39.4,0
1.05,4,1,16,-253.67,2,0,0,10.12,0
15.93,3,0,21,781.12,1,3,0,15.13,0
9.91,3,1,16,-78.78,2,0,1,11.18,0
6.02,2,1,24,120.88,0,0,1,-35.3,0
12.31,3,1,20,136.66,0,0,0,-18.87,0
9.77,2,1,14,793.79,0,0,0,7.21,0
1.24,2,0,20,-287.79,0,1,0,26.78,0
13.38,3,1,23,-111.26,0,0,0,-0.83,0
4.65,2,0,13,-53.1,0,0,0,16.37,1
9.88,2,1,21,568.27,0,0,0,-15.52,1
13.59,5,1,14,672.05,0,0,0,3.11,0
2.3,1,0,20,237.29,0,0,1,-4.12,1
0.7,2,0,19,616.45,0,0,0,17.81,0
1.55,4,1,18,88.83,1,0,0,-8.1,0
3.34,3,0,18,-86.3,1,2,0,25.16,0
10.22,2,1,21,589.36,2,0,0,-4.62,0
11.83,1,0,15,243.81,0,0,0,-16.05,0
0.1,2,0,17,-367.77,4,1,0,-15.54,1
4.29,4,0,14,498.71,2,0,1,-9.34,0
3.24,3,0,16,-104.25,0,0,0,5.56,0
1.51,2,1,17,-165.41,0,0,0,-9.15,0
0.77,1,0,24,446.5,0,0,0,-12.31,0
2.47,1,1,12,-44.42,1,2,0,13.35,0
17.18,5,1,23,194.48,0,0,0,-48.17,0
2.34,2,1,23,330.97,3,0,0,-6.45,0
4.39,3,1,14,-391.47,0,0,0,-20.01,0
7.28,1,0,20,192.43,5,0,0,-13.03,1
2.71,3,0,23,674.74,2,0,0,3.66,0
21.41,5,0,23,-478.23,3,1,0,-3.08,0
19.69,3,1,24,224.95,0,1,0,-4.43,0
1.74,1,1,27,-414.73,0,0,0,17.84,1
4.13,3,0,14,510.7,1,0,0,-0.2,0
2.15,3,1,18,505.95,1,0,0,27.09,0
2.01,2,0,13,-177.16,0,0,0,10.68,0
0.23,4,0,15,1104.81,1,0,0,-14.5,0
5.64,3,0,25,553.31,0,0,0,29.01,0
4.19,4,1,16,353.46,0,0,0,4.17,0
0.32,3,0,18,325.31,0,0,1,28.08,0
1.96,1,1,20,491.96,3,0,0,-3.99,0
14.33,2,0,23,-497.82,0,0,0,4.08,0
1.64,1,1,26,97.3,1,3,0,6.48,0
0.94,4,1,21,191.6,0,0,1,-2.52,0
4.03,3,1,16,-200.07,1,0,0,19.08,0
25.46,3,0,21,232.4,3,0,1,28.99,0
1.66,2,1,24,615.85,0,0,0,-34.4,0
6.69,1,1,20,-210.88,0,0,0,12.22,0
8.6,3,1,13,-27.21,0,0,0,-13.42,0
1.63,2,0,18,-410.29,2,0,1,-38.89,0
7.82,1,0,16,-893.49,0,0,1,7.76,0
2.75,3,0,14,389.47,0,0,0,7.79,0
6.0,1,0,26,-12.87,0,0,0,10.2,0
6.02,2,1,19,23.79,0,0,0,5.57,0
4.6,2,1,23,-493.39,0,1,0,13.13,1
0.57,1,0,19,-92.75,3,0,1,-9.05,0
10.82,5,1,17,548.3,0,0,0,3.95,0
2.32,1,1,22,0.41,0,0,0,10.47,0
1.24,1,1,21,14.59,2,0,0,20.29,0
0.25,1,1,23,103.76,0,1,0,0.66,0
5.36,3,1,18,-618.19,1,0,0,-3.21,0
6.79,2,1,17,312.46,1,0,1,-0.83,0
0.1,3,1,18,-627.6,0,0,1,-17.9,0
4.31,1,1,17,-469.81,0,0,0,11.54,1
1.54,1,1,19,-524.61,0,1,0,-21.86,0
6.22,2,1,14,-87.61,0,0,0,5.86,0
1.15,4,1,23,-176.23,0,0,0,1.27,0
7.05,4,0,20,-0.61,4,0,1,-23.26,1
2.93,1,1,16,-452.63,0,0,0,-22.41,0
16.56,2,0,23,502.75,2,0,0,-12.81,0
0.89,4,0,24,417.01,0,0,1,-5.16,0
2.5,2,0,19,-86.91,3,2,0,22.21,1
0.72,4,1,18,-239.18,1,0,0,-1.66,0
15.52,1,1,21,-289.68,1,0,0,8.2,0
12.59,5,1,28,-155.07,0,0,1,19.0,0
1.79,3,0,19,-700.12,0,0,0,16.1,0
6.47,5,1,19,-479.8,0,1,1,-0.11,0
10.2,3,0,23,430.06,1,0,1,-10.58,0
4.86,2,0,16,150.91,2,0,0,7.48,0
4.53,5,1,18,817.14,0,0,0,-10.28,0
1.66,2,1,19,-149.6,2,0,0,27.22,0
0.59,2,0,17,-180.76,3,0,1,13.02,0
13.65,3,1,17,-203.95,0,0,0,3.13,0
13.84,3,1,16,-159.58,0,0,1,7.69,0
6.02,5,0,20,-329.98,1,1,0,2.67,0
2.48,1,1,22,135.49,0,0,1,-5.52,0
2.58,3,0,18,14.55,1,0,0,7.48,0
7.77,3,0,15,-254.96,1,0,0,-3.64,1
13.64,1,0,24,625.57,0,0,0,29.05,0
13.09,2,1,17,948.29,0,0,0,-10.39,0
9.08,2,1,9,583.29,0,0,0,7.63,0
6.16,2,1,17,279.06,3,0,0,-11.74,0
0.53,5,1,16,380.88,0,0,0,-11.9,0
1.06,3,1,18,928.21,0,0,0,-26.79,0
13.73,3,1,22,380.16,2,0,0,6.17,0
5.59,5,1,18,-292.59,0,0,0,-7.99,0
0.1,2,1,11,196.14,1,0,1,16.25,1
0.64,4,0,25,313.12,0,0,0,6.2,0
6.53,2,1,15,-497.36,0,0,0,2.22,0
0.1,4,1,15,-142.47,0,0,1,-21.16,0
1.05,1,0,18,550.2,0,0,1,8.77,0
4.77,5,0,17,-911.75,4,0,1,-9.93,0
7.06,1,1,21,-625.21,0,0,1,-21.49,0
6.33,2,1,20,-88.2,0,0,0,6.46,0
1.52,3,0,18,176.84,0,0,0,-18.87,0
7.47,2,0,11,-678.82,0,0,0,-31.37,1
1.62,3,0,16,-63.39,0,0,0,19.46,0
2.36,2,0,18,576.88,0,0,0,-8.41,0
8.23,3,1,22,34.33,3,0,0,-26.17,0
6.29,1,1,15,469.54,0,0,0,-14.44,1
11.35,1,1,18,-296.06,0,0,0,-10.82,0
6.43,2,0,13,-404.96,0,0,0,17.16,0
5.04,2,0,24,424.44,0,0,0,-24.94,1
0.59,1,0,24,184.63,0,0,1,-20.08,1
2.75,2,1,13,-592.8,0,0,0,14.71,0
1.85,2,1,17,-400.42,0,0,1,-6.75,0
1.68,1,1,22,782.29,0,0,0,3.42,0
21.67,3,0,27,-462.28,0,0,0,-7.36,0
3.0,4,0,14,467.16,0,0,0,30.31,0
13.36,1,1,12,-239.09,0,0,0,-19.35,0
5.98,3,1,14,-1.59,0,1,0,4.23,0
9.5,3,1,12,147.3,3,0,1,22.54,0
4.19,2,1,20,-1050.49,1,0,0,-5.62,1
5.16,3,0,21,-731.36,4,0,1,-11.31,1
4.07,2,1,12,43.17,0,1,0,11.51,0
1.3,2,0,21,-362.15,1,0,0,15.06,0
7.69,1,0,19,498.29,0,0,0,-12.0,1
1.98,3,0,15,-803.06,1,0,0,21.93,0
0.15,3,1,22,282.63,0,0,0,0.77,0
6.22,1,0,20,-688.11,0,0,0,7.63,1
1.17,2,1,19,-176.05,0,0,1,22.32,0
16.93,5,1,15,-532.19,0,0,0,11.53,0
18.47,2,1,24,951.21,0,0,1,-0.0,0
14.78,2,1,19,-669.75,0,0,0,-10.07,0
2.77,4,1,17,-61.03,0,0,0,40.63,0
0.1,3,1,22,-863.42,3,0,0,-11.84,1
15.81,3,0,17,799.79,2,0,0,4.77,0
3.35,3,1,19,200.64,0,2,0,7.65,0
20.41,4,0,24,68.49,0,0,0,8.36,0
19.88,2,0,17,737.16,0,0,0,31.92,0
11.5,2,1,17,73.71,0,0,0,0.71,0
2.09,2,0,19,109.79,0,0,0,-1.43,0
2.92,5,1,17,65.86,0,0,0,23.28,0
11.43,3,1,24,281.82,1,0,1,-2.04,0
2.29,1,1,15,-246.22,0,0,0,13.14,0
1.11,4,0,14,-107.14,0,0,0,2.92,0
4.88,2,1,22,405.17,0,0,0,13.81,0
16.51,1,0,21,138.69,0,1,0,10.88,0
7.14,2,1,14,-57.12,1,2,0,-6.05,0
5.06,2,0,15,-700.26,0,0,0,-27.66,0
0.61,4,1,18,749.03,0,0,0,-25.11,0
5.73,1,0,20,-330.73,1,0,1,-27.61,1
27.66,4,0,18,493.62,0,0,0,-1.37,0
0.91,3,0,19,87.88,0,0,0,-35.29,1
4.38,1,0,19,-646.73,0,2,0,-2.4,1
12.59,5,0,14,626.14,0,0,0,2.01,0
8.1,2,1,15,127.27,0,0,0,12.84,0
7.16,2,1,25,667.67,1,0,1,7.57,0
7.27,2,1,22,-91.2,0,0,0,13.53,0
2.67,4,1,21,352.03,0,0,0,6.21,0
2.09,2,1,26,-881.26,3,0,0,-4.85,0
9.94,1,1,13,-250.11,0,0,0,-1.59,0
9.97,1,1,18,-636.5,5,1,0,-12.77,1
12.11,2,0,15,-187.39,0,1,0,3.42,0
14.67,3,1,23,235.91,1,0,1,-23.76,0
4.3,2,0,20,-302.29,1,0,0,15.99,0
4.18,1,1,15,431.92,2,0,0,-14.35,1
9.61,1,0,17,-428.31,0,0,0,2.31,0
6.3,2,0,14,442.62,0,0,1,4.82,0
7.26,5,1,17,654.88,0,0,0,17.44,0
9.53,2,1,19,506.76,3,0,0,-25.22,0
13.24,5,1,11,-172.09,0,0,0,-4.88,0
2.47,2,1,16,-1062.73,2,0,0,8.25,0
2.83,1,0,17,291.08,0,0,0,26.27,0
0.59,4,0,22,-62.62,0,2,0,-0.58,0
5.18,2,1,25,-489.2,0,2,0,-8.92,0
0.22,3,1,18,-278.14,0,0,1,30.4,0
3.76,5,1,17,717.21,2,0,0,12.04,0
4.69,1,1,21,-568.67,0,0,0,20.6,0
2.03,1,0,25,234.15,2,0,0,-18.14,0
5.36,3,1,18,108.98,0,0,0,7.82,0
0.19,2,1,15,-178.69,1,0,0,-16.25,0
0.23,1,1,16,322.27,1,0,0,-19.58,0
10.38,1,1,17,816.12,0,0,0,8.73,0
2.68,1,0,25,-147.99,0,0,1,9.78,0
0.82,3,1,18,-121.59,0,0,1,-7.23,0
4.43,1,0,20,311.03,0,0,0,21.48,1
8.82,2,0,11,459.12,2,0,0,-5.54,0
1.46,3,1,17,-63.85,3,0,0,-4.05,0
5.85,2,1,15,-152.69,1,0,0,-0.54,0
0.54,1,0,20,-1108.82,1,0,0,-3.64,1
0.32,3,0,12,-389.0,0,0,0,19.16,0
4.55,1,0,12,-569.66,0,0,0,-15.63,1
4.67,3,1,19,342.31,1,0,0,-11.32,0
6.09,4,0,12,-121.95,0,0,0,-17.87,0
7.77,2,1,20,-141.51,1,0,0,28.25,0
22.34,2,0,19,-4.53,1,0,0,-4.87,0
4.36,2,0,16,-435.09,0,0,1,-11.53,0
2.34,2,1,25,776.62,0,0,0,-4.31,0
9.51,4,0,11,649.1,1,0,0,12.74,1
1.9,4,1,15,809.05,0,0,1,9.96,0
3.47,2,0,20,341.71,1,0,0,-8.63,0
0.49,3,1,15,-14.74,0,0,1,-5.99,1
0.15,5,0,22,807.36,0,0,0,-21.83,0
19.72,5,1,14,-340.48,0,0,1,2.08,0
10.85,2,0,13,-435.6,1,0,0,19.23,0
7.14,2,1,16,-300.76,0,0,0,-8.73,0
3.16,2,1,12,261.44,0,0,1,9.54,0
1.14,5,1,18,-381.05,0,0,1,-8.73,0
1.02,1,0,19,-77.69,0,0,0,-16.43,1
1.73,3,1,17,-800.93,0,0,0,10.2,0
4.78,2,0,13,240.55,0,0,1,35.21,0
7.52,2,1,24,-758.55,0,0,0,8.15,0
6.48,2,0,12,-466.08,0,0,0,-6.21,0
1.97,5,1,19,608.58,0,0,0,-5.24,0
18.59,1,1,16,590.16,0,0,0,28.64,0
8.03,3,1,10,187.16,0,0,0,4.6,0
4.85,1,1,22,137.83,0,0,1,-11.49,0
5.68,1,1,11,-265.48,0,0,0,-0.93,1
3.26,2,1,15,-386.45,5,0,1,3.23,1
1.71,2,0,15,-181.12,0,0,0,7.04,1
2.64,2,0,21,-756.83,0,0,0,22.68,0
8.51,2,0,17,126.22,0,0,0,19.14,0
0.1,1,1,22,24.42,2,0,0,2.97,0
0.74,2,0,24,-466.71,2,0,0,-0.62,0
0.28,5,1,16,784.34,0,0,0,5.94,0
0.25,5,0,21,303.46,1,0,0,-9.12,0
11.61,2,1,13,345.92,0,0,0,14.7,1
7.3,3,1,13,-243.67,0,0,0,-3.05,0
3.86,4,1,14,-0.67,0,0,1,7.36,0
0.62,1,0,23,313.69,0,0,0,25.7,0
4.06,4,1,19,76.39,0,0,1,8.29,0
3.85,5,0,19,800.95,0,0,1,3.46,0
1.14,1,1,24,-101.89,0,0,0,-7.76,0
3.41,1,0,16,-252.28,1,0,0,-1.17,0
3.05,5,0,20,317.13,0,3,0,-17.04,1
5.74,2,1,17,-632.32,0,1,0,8.0,1
6.05,1,1,13,462.15,0,0,1,-32.02,1
0.28,2,0,10,-650.36,0,0,0,14.53,1
2.82,2,1,15,319.29,0,0,0,10.98,0
5.9,3,1,21,-324.14,0,0,0,1.47,0
4.2,3,0,20,238.29,0,0,0,-8.0,0
11.65,5,0,18,453.67,0,0,0,-0.24,0
6.45,2,1,23,76.71,2,0,0,-26.61,0
1.07,2,0,15,-599.81,0,0,0,12.36,0
0.44,2,1,7,-448.39,0,0,0,-2.46,0
6.17,2,1,16,-364.33,0,0,1,22.73,0
0.16,1,0,15,-947.5,5,0,1,5.88,1
5.29,5,1,14,563.74,0,1,0,3.47,0
16.9,4,1,26,55.05,0,0,0,6.01,0
5.14,2,0,14,-567.76,0,0,0,-14.63,0
2.95,3,0,26,727.84,0,0,0,-6.76,0
6.18,1,0,22,-350.66,0,0,0,1.99,0
3.68,2,0,23,125.29,0,1,0,-4.54,1
4.73,3,0,15,-412.64,0,1,0,-8.65,1
17.03,2,1,14,-1009.13,0,0,0,-4.24,0
2.93,5,1,16,-682.22,0,0,0,0.66,0
19.49,3,0,24,-224.25,1,2,0,34.78,0
14.15,2,1,17,449.15,0,2,0,-4.88,0
1.31,3,0,16,173.27,2,0,0,-10.16,0
0.43,1,0,15,70.1,0,0,0,-2.29,0
0.64,2,1,17,-1005.01,1,0,0,22.52,0
0.11,2,0,19,635.04,0,0,0,23.6,0
0.6,2,1,15,111.84,0,1,1,29.24,0
6.89,3,1,14,-59.71,1,0,0,0.91,0
0.44,2,0,18,566.21,1,0,0,9.62,0
2.3,3,1,27,623.75,0,0,0,-15.75,1
11.18,3,1,16,577.3,1,0,1,-5.3,0
0.14,2,1,13,-123.54,1,0,0,-16.73,0
10.11,4,0,21,-501.74,0,0,0,7.1,0
1.99,1,0,18,494.46,2,0,0,0.58,1
0.75,1,0,19,-682.53,0,0,0,3.39,0
7.16,2,0,19,973.63,0,0,0,-12.69,0
5.95,2,1,20,14.0,0,1,0,12.76,0
12.6,1,0,18,-530.44,0,0,0,-36.11,0
7.97,3,0,16,-615.93,2,0,0,-3.78,0
9.76,2,1,24,-638.8,0,0,0,-1.6,0
1.99,2,1,26,70.18,0,0,0,-30.32,0
1.17,5,0,18,-3.2,2,0,0,5.76,0
8.33,3,0,13,-617.96,1,0,0,-2.6,0
9.87,4,0,24,-178.23,0,1,0,8.42,0
27.94,1,0,18,-683.97,0,0,0,30.0,0
3.19,3,1,21,294.65,1,0,0,4.87,0
2.79,4,0,19,-27.3,0,0,0,14.59,0
8.99,3,1,29,-189.2,0,0,1,20.71,0
2.5,3,1,26,-644.06,0,0,0,7.38,0
16.02,2,0,19,-150.08,0,0,0,-12.99,0
11.73,1,1,18,-207.36,0,0,0,-24.6,0
3.36,2,0,32,158.86,0,2,0,5.62,0
8.34,2,1,18,83.51,1,0,0,-6.0,0
8.43,4,1,18,396.03,0,0,0,19.25,0
0.65,1,1,8,-242.29,0,0,0,-7.13,0
13.97,5,1,14,-930.21,0,0,0,-0.21,0
4.22,5,1,18,495.55,0,0,0,-17.39,0
10.51,1,1,12,-468.02,0,0,1,-5.16,0
2.31,2,0,22,-553.46,0,0,1,-14.14,0
13.55,4,1,21,-21.56,0,0,0,-12.77,0
2.96,5,1,15,151.14,1,0,0,-0.79,0
0.1,2,0,17,-265.42,1,0,0,-9.1,0
14.15,2,0,23,-269.35,0,0,0,39.44,0
0.57,2,1,21,-195.51,0,1,1,12.54,0
2.31,3,0,16,708.27,2,0,0,16.27,0
17.98,2,0,19,-1.34,1,0,0,-1.66,0
18.05,3,1,12,-483.98,5,2,0,1.59,0
5.11,1,1,16,-478.89,0,1,0,-6.44,0
6.0,1,0,25,-125.44,2,0,0,39.37,1
3.57,2,0,19,118.93,0,0,0,-1.63,0
2.08,2,0,21,241.99,0,0,0,-9.06,1
2.39,2,1,20,62.08,0,0,0,-11.31,0
6.7,2,1,17,-420.94,0,1,0,5.03,0
8.38,2,0,16,-211.97,0,0,0,21.32,0
9.41,1,1,12,366.95,0,0,0,16.3,0
9.35,2,1,10,-573.05,2,0,0,-11.34,0
0.57,5,0,11,-232.88,0,0,0,-11.71,0
4.09,2,1,15,298.73,2,0,1,18.69,0
0.36,2,0,24,437.64,0,0,0,31.52,0
4.78,3,0,15,-96.46,0,0,0,-2.18,0
3.5,5,1,22,-205.6,0,0,1,18.1,0
13.12,1,0,19,-661.06,0,0,0,-21.99,1
2.59,3,1,21,262.82,1,0,0,-12.65,0
0.75,3,0,19,659.39,0,0,0,-15.14,0
0.93,3,1,15,1282.58,0,0,1,6.18,0
8.6,1,1,20,193.22,1,0,0,-2.68,0
5.78,3,0,18,-25.44,0,0,0,3.57,0
0.64,1,1,18,-459.91,0,0,0,18.29,0
0.53,3,0,20,-939.43,0,1,0,-9.8,0
7.24,3,1,18,88.48,0,0,0,1.41,0
0.45,1,1,22,1175.17,1,0,1,-20.07,0
10.35,4,1,18,635.41,0,0,0,17.46,0
7.35,1,1,8,558.28,0,0,0,16.45,0
0.51,4,1,17,122.8,0,0,0,5.43,0
0.53,2,0,26,179.76,1,0,1,1.8,0
25.89,1,0,15,-1211.87,2,0,0,-7.64,0
2.81,1,0,23,381.26,0,0,0,-20.93,0
2.78,5,0,14,-289.67,0,0,1,4.58,0
10.05,1,1,18,-350.86,0,0,1,11.34,0
17.65,1,0,24,-161.63,0,3,0,30.29,0
25.61,2,1,25,-178.5,0,0,0,-5.9,0
8.4,3,0,25,-358.82,1,0,0,4.05,0
2.83,2,1,14,6.94,1,0,1,16.72,0
0.52,1,0,17,-279.14,0,0,1,17.17,0
9.01,2,0,27,50.16,0,1,0,-9.34,0
4.9,1,0,17,-743.59,0,0,0,-4.19,1
3.31,1,0,18,-107.03,2,0,0,-7.88,1
14.21,2,0,22,-548.15,2,1,0,-13.53,1
0.71,3,0,16,-320.72,0,1,0,22.08,0
4.07,1,1,19,71.7,0,0,0,0.94,0
0.1,2,1,19,-802.0,0,0,0,-1.11,0
3.79,2,1,15,-411.2,0,0,0,3.72,0
0.35,5,1,15,284.48,0,0,0,0.81,0
0.76,5,1,18,-706.59,0,0,0,-3.31,0
0.75,4,1,19,888.93,0,0,0,-11.42,0
6.29,1,1,17,602.2,0,0,0,23.48,0
8.22,1,0,17,-247.26,0,0,0,-8.55,1
5.25,2,0,9,-393.6,0,0,0,-13.96,0
19.65,2,1,19,100.97,1,0,0,-1.21,0
2.82,2,1,19,-723.73,0,0,0,32.36,1
2.02,3,1,17,-1001.07,2,0,0,-12.32,1
12.18,4,1,13,-229.67,0,2,0,10.64,0
1.52,4,0,20,-67.02,0,0,0,-3.69,0
19.82,2,1,19,47.21,0,0,0,3.67,0
0.1,3,0,26,-307.37,0,0,0,13.83,0
21.02,2,0,21,636.97,0,0,0,-25.8,0
0.26,1,0,20,-747.57,0,0,0,-13.45,0
13.31,3,1,26,-569.13,2,0,0,13.62,0
4.5,1,0,20,243.32,1,0,0,1.46,0
29.74,2,1,30,-580.82,2,0,0,3.18,0
0.46,2,1,18,-600.16,0,0,0,10.67,0
4.84,3,1,16,61.68,0,1,0,-13.34,0
20.9,3,1,12,-526.76,0,0,0,15.83,0
4.44,2,1,23,-66.54,1,0,0,12.3,0
5.96,4,1,16,-349.93,4,0,1,3.57,1
7.14,2,0,13,-430.83,1,0,0,7.02,0
3.64,2,0,11,-1051.15,0,0,0,17.47,0
5.93,3,1,13,69.78,0,0,1,-8.91,0
5.27,3,1,21,-623.59,0,0,0,9.92,0
13.89,5,0,21,-84.12,0,0,0,26.17,0
0.28,1,1,17,-256.05,0,0,0,9.61,1
1.98,3,0,18,-103.25,0,1,0,-3.34,0
18.02,3,0,15,-74.84,0,0,0,34.77,0
13.26,4,1,18,96.81,0,0,0,3.46,0
3.65,1,1,17,-363.88,0,0,0,20.98,0
5.81,3,1,20,621.35,1,0,0,-6.32,0
1.95,3,1,16,-923.7,0,0,0,16.02,0
1.25,2,1,11,-113.3,0,0,1,-8.2,0
3.74,2,0,21,418.12,0,0,0,4.85,0
2.62,2,1,17,238.39,0,1,0,-9.1,0
5.26,3,1,25,-487.42,0,0,1,28.52,0
0.49,4,0,14,-404.12,2,0,1,-3.32,0
21.99,3,1,28,-503.4,0,0,0,-16.62,0
25.7,3,1,20,299.61,0,0,0,1.43,0
7.19,2,1,16,-369.96,0,0,1,8.06,0
4.61,1,1,26,127.56,0,0,0,-0.4,0
2.22,1,0,22,132.15,0,0,0,-12.2,0
10.09,2,1,14,1184.2,0,0,1,15.56,0
6.93,2,0,13,156.63,0,0,0,18.89,0
1.06,1,1,15,-405.57,2,0,0,-24.72,1
14.51,2,1,22,-730.08,0,1,0,-13.16,0
10.37,2,1,13,-137.93,1,0,0,-2.39,0
17.95,2,0,7,-59.54,0,0,0,-7.96,0
7.76,2,1,16,-1105.35,0,0,0,7.89,0
5.7,1,1,15,-356.93,0,0,0,27.59,0
3.25,5,0,18,148.68,1,0,0,-5.71,0
16.19,4,1,17,-266.18,1,0,0,23.65,0
12.06,3,1,16,484.31,0,0,0,-22.02,0
0.28,1,0,20,-779.18,0,0,0,6.84,0
0.16,3,1,15,338.44,3,0,0,-8.92,0
2.83,4,0,16,456.94,2,0,0,7.16,0
9.98,3,1,7,478.25,0,0,1,-26.35,0
26.19,1,0,14,-782.93,0,0,0,-19.28,0
0.98,3,0,17,157.28,1,0,0,7.13,1
5.41,4,1,14,-334.38,0,2,0,-9.45,0
2.88,3,0,28,-703.07,1,0,0,-4.85,0
21.02,3,0,25,-206.93,0,0,0,27.54,0
11.08,2,1,14,-452.49,1,0,1,2.06,0
10.93,2,1,14,460.38,0,0,0,13.52,0
3.79,1,0,16,256.53,0,0,0,-11.39,0
3.22,3,0,18,-576.22,0,0,0,-20.12,0
1.92,1,1,21,-362.11,2,0,0,-1.21,0
0.35,2,0,16,-190.35,1,0,0,-22.36,0
12.0,2,1,16,-36.2,2,0,0,-10.48,0
10.06,2,0,19,503.19,2,1,0,3.57,0
40.0,1,0,11,345.39,0,0,0,-1.67,0
34.17,3,0,16,25.7,0,0,1,5.02,0
4.86,3,1,16,-130.32,0,0,0,9.0,0
8.79,1,0,23,-886.68,2,0,0,-17.94,1
17.38,1,1,20,646.0,0,1,0,-14.13,0
11.37,1,1,17,-223.55,0,0,0,-32.68,0
1.7,4,1,19,777.42,0,0,0,-5.56,0
3.59,2,0,17,98.05,0,0,1,11.05,0
0.83,2,1,11,1012.64,1,0,1,22.37,0
18.48,1,1,13,303.16,1,0,0,2.86,0
5.59,3,0,10,-716.01,0,0,0,20.6,0
1.56,4,0,18,-307.21,2,0,0,5.76,0
6.68,4,0,24,-84.57,0,0,0,1.61,0
5.78,3,0,16,-436.89,0,0,0,-9.17,0
2.66,1,1,15,-188.53,2,0,0,-35.78,1
0.72,1,0,19,-683.47,0,0,0,18.35,0
6.68,1,0,17,2.86,0,0,0,-0.8,0
4.41,2,1,19,118.71,1,0,0,20.82,0
8.88,1,1,17,-502.05,2,3,1,-14.24,1
4.41,2,1,14,970.13,1,0,1,36.43,0
11.47,2,1,18,31.76,1,0,0,-3.73,0
4.82,5,0,16,-408.37,0,0,0,-10.38,0
4.94,3,0,21,-814.77,0,0,0,-3.22,0
12.56,4,0,19,29.97,2,0,0,2.56,0
3.1,3,1,21,-130.24,0,0,0,-1.05,0
0.86,1,1,20,391.52,0,0,0,-7.73,0
0.18,3,0,14,-71.69,0,0,0,-27.05,0
8.44,2,1,18,-596.86,1,0,0,-12.06,0
5.81,3,0,15,835.36,0,0,1,16.12,0
7.31,2,1,17,217.81,1,0,0,-13.2,0
1.44,5,0,15,-127.05,0,0,0,-25.75,0
0.88,2,1,22,82.32,0,0,0,-15.83,0
0.1,2,1,15,237.02,1,2,0,-1.33,0
2.59,5,1,21,-714.43,0,0,0,-11.39,0
5.35,1,0,20,78.85,0,0,1,-4.2,1
2.99,3,0,17,-225.06,2,0,0,-11.98,0
3.45,3,1,13,253.65,1,0,1,15.15,0
14.07,4,0,25,-370.09,0,0,0,7.36,0
2.57,5,0,23,-302.35,0,2,0,33.27,0
4.33,5,0,20,831.44,0,0,1,-5.73,0
9.19,1,0,14,615.46,0,0,1,-4.27,0
3.03,4,1,13,-1647.78,0,0,1,17.75,0
5.84,3,1,14,578.38,0,0,0,5.87,0
11.9,3,0,18,-36.83,0,1,0,-14.12,0
17.92,1,0,21,-354.09,0,0,0,8.35,0
0.95,3,0,16,-503.59,0,0,0,5.95,0
15.67,5,0,15,-474.56,0,1,0,-26.91,0
4.07,4,1,22,-339.97,4,0,0,-9.77,0
1.79,2,0,11,-563.57,4,0,1,2.85,1
3.69,1,1,17,-677.3,0,0,0,21.69,0
23.48,2,0,16,-520.19,1,0,0,10.47,0
4.07,4,1,16,161.7,1,0,0,-8.46,0
2.39,3,0,17,25.05,0,1,0,-10.62,0
6.02,2,1,11,277.93,0,0,1,11.97,0
1.65,1,1,16,-33.18,0,0,0,-36.39,0
0.47,2,1,15,-653.34,0,0,1,-12.11,1
0.83,2,0,15,247.22,0,0,1,21.14,0
0.82,5,0,19,-502.34,3,0,1,4.45,1
0.99,3,1,14,323.31,1,1,0,-11.38,0
0.9,2,0,19,-582.96,2,0,0,-18.03,0
6.14,2,0,14,-343.74,2,0,0,12.6,0
1.2,1,1,24,-180.7,1,0,0,1.17,0
2.54,5,1,20,337.2,0,0,0,-3.28,0
13.63,2,0,24,88.0,0,0,1,5.61,1
3.85,2,0,18,10.0,0,0,0,2.47,0
6.61,2,1,21,942.83,1,0,0,1.32,0
1.13,3,0,23,-918.49,0,0,0,-19.86,0
1.28,3,1,19,-519.19,2,0,0,-15.4,0
0.25,3,1,17,-540.59,4,0,0,11.22,0
1.11,2,1,21,-885.33,0,0,0,8.39,0
1.96,2,1,16,-359.76,0,1,0,5.73,0
1.17,1,0,17,343.88,2,1,0,-8.8,0
0.56,3,0,20,-295.82,0,1,0,11.48,1
0.77,1,1,19,-166.5,0,0,0,-5.56,0
3.71,3,1,21,-861.28,2,0,0,19.52,0
1.39,4,0,20,-398.26,1,1,0,-11.2,0
2.72,4,0,18,-230.85,0,0,1,-7.88,0
4.2,2,0,13,321.2,2,2,0,-2.27,1
7.03,2,0,27,-837.46,0,0,0,12.71,0
0.24,1,1,20,-227.5,0,1,1,-0.53,0
9.64,3,0,22,543.41,0,0,0,0.57,0
5.93,4,1,21,-222.54,0,0,0,-5.87,1
0.51,1,1,18,-1057.78,0,0,0,4.02,0
12.41,2,1,16,639.59,2,1,0,-1.06,0
15.22,4,1,24,367.45,0,0,0,-11.76,0
0.38,4,0,21,434.7,0,3,0,1.91,1
1.95,1,0,20,-871.89,0,0,0,2.26,0
9.85,3,1,16,756.23,0,0,0,35.25,0
8.28,1,1,13,-386.64,2,0,0,-9.17,0
1.22,1,1,8,-254.72,0,0,0,-12.59,0
1.41,4,1,16,-351.39,0,0,0,4.19,0
2.78,4,0,20,473.47,0,0,0,-14.89,0
3.98,3,0,20,-89.9,1,0,0,-16.1,0
5.78,1,0,13,240.87,0,0,0,-21.55,0
2.76,4,0,20,37.95,0,0,0,-11.62,0
3.73,2,0,17,-47.52,5,1,0,-11.25,1
8.26,2,1,14,-473.39,0,0,0,-19.25,0
0.22,2,1,14,906.07,0,0,0,-3.75,1
1.75,1,1,16,-731.7,5,0,1,-35.49,0
7.5,3,0,14,206.13,1,0,0,7.38,0
13.53,3,0,19,188.33,1,0,0,-8.35,0
4.3,1,1,13,577.18,0,0,0,-6.15,0
4.56,1,1,19,694.05,0,0,0,8.8,0
0.68,1,1,17,-68.69,0,2,0,5.58,1
3.56,1,0,18,265.2,5,0,1,-9.45,0
4.56,3,1,18,882.44,4,0,0,6.78,0
1.67,4,0,19,-32.59,0,0,1,23.23,0
1.88,1,0,13,-533.22,0,2,0,-15.18,1
2.84,1,1,18,-192.23,0,0,0,11.31,0
0.12,3,0,17,-652.32,0,0,1,-16.7,1
2.33,4,0,23,185.91,0,0,0,17.63,0
1.43,2,1,16,532.23,1,2,0,-10.68,1
2.38,2,0,20,-60.52,2,0,0,-11.25,0
0.77,3,1,23,-810.48,1,0,1,17.24,0
13.27,2,1,27,510.83,0,0,0,10.82,0
5.4,1,0,13,-888.15,1,0,0,-10.19,0
6.82,3,0,5,-772.98,1,0,0,1.91,1
9.34,3,0,17,-89.17,0,0,0,-10.65,0
4.14,3,0,24,125.89,0,1,0,-23.89,0
0.55,3,0,19,211.12,0,0,0,2.84,0
4.62,3,0,14,-33.07,1,0,0,-5.35,0
5.3,1,0,21,880.02,3,1,1,-14.19,0
8.21,2,0,24,32.58,0,0,0,19.57,0
3.39,1,1,14,517.33,2,0,1,-13.68,1
0.82,1,0,21,393.48,0,0,0,2.16,0
2.0,3,1,19,-646.44,1,1,0,16.2,0
2.71,4,1,19,-84.87,2,0,1,-3.84,0
6.23,5,1,19,1061.66,0,0,0,-11.01,0
5.07,3,0,26,-252.18,3,0,0,4.47,0
2.64,1,1,15,-337.31,0,0,0,6.84,0
25.84,1,1,15,85.29,0,1,0,13.15,0
5.58,4,0,18,-234.26,0,0,1,28.07,0
1.62,3,1,21,-396.85,0,0,0,-6.86,1
0.64,3,0,22,-241.64,2,0,1,2.94,0
1.0,3,1,22,716.0,0,0,1,-19.04,0
1.69,3,1,20,-68.31,0,0,0,10.0,0
1.05,4,1,20,-664.04,1,0,0,2.76,0
1.24,1,0,23,-755.87,0,3,0,-2.68,1
2.01,3,1,13,1103.4,0,1,0,-9.27,0
1.14,4,0,21,-111.67,0,0,1,-5.23,0
13.62,2,1,19,217.29,0,0,0,3.54,0
0.5,3,1,21,-385.69,0,0,0,-14.49,0
4.46,2,1,18,160.49,0,0,0,-4.61,0
3.17,5,1,15,729.66,0,0,0,0.25,0
24.23,1,0,15,-326.13,0,0,0,-23.09,0
0.71,3,0,15,229.29,1,0,0,-15.77,1
3.04,1,0,19,-702.87,1,0,0,-9.9,0
20.93,3,1,6,1011.43,0,2,1,23.52,0
12.04,1,1,22,134.27,3,0,0,-12.46,0
10.19,1,1,19,-206.4,2,1,0,-0.84,0
1.79,2,0,15,-148.94,3,0,0,-15.61,0
1.12,4,1,18,-255.02,0,0,0,-11.65,0
6.63,1,0,23,-229.45,2,1,0,-21.62,0
15.9,1,1,18,-1223.75,1,0,1,10.05,0
4.88,3,1,14,-48.98,0,0,0,-19.88,0
5.09,2,1,23,-69.94,0,0,0,13.61,1
1.97,4,1,22,244.33,1,0,0,7.02,1
8.8,1,0,22,-261.57,0,0,0,-1.13,0
1.24,3,1,14,-385.52,0,0,0,14.1,0
2.35,1,0,20,-3.89,0,0,0,46.55,0
3.32,1,1,17,-806.18,1,1,0,7.16,0
4.25,3,0,18,71.71,3,2,1,-16.8,1
1.67,3,1,13,-930.91,0,0,0,22.34,0
0.73,3,0,22,560.41,1,0,0,2.79,0
5.66,2,0,18,342.13,0,0,0,31.67,1
2.04,2,0,21,-463.09,1,0,0,-7.59,1
5.22,2,1,20,330.57,0,0,0,19.23,0
1.01,5,0,19,55.76,2,0,0,-0.0,0
3.94,2,1,17,-504.51,0,0,0,39.85,0
4.56,2,1,16,-1011.44,0,0,1,-4.22,1
0.32,2,1,10,158.22,0,0,0,45.03,0
2.46,3,1,18,-397.14,1,0,0,6.6,0
0.87,2,0,16,547.48,3,0,0,12.7,0
0.39,4,1,19,7.02,0,0,0,25.5,0
27.61,2,0,16,-349.79,0,0,0,-11.82,0
2.33,4,0,13,898.92,1,0,0,14.54,0
9.96,1,1,18,288.22,2,0,0,-4.39,0
1.76,3,0,17,-1827.54,0,1,1,2.27,1
6.86,4,1,21,-243.2,0,0,0,1.25,0
8.57,1,0,20,-692.04,0,1,0,8.59,1
5.43,5,1,25,-399.9,0,0,0,7.95,0
3.83,2,0,19,-72.37,0,0,0,-8.63,0
3.18,5,0,16,177.02,0,0,0,1.87,0
2.57,3,0,18,130.68,0,0,1,-35.02,0
15.92,2,1,14,538.94,1,0,0,14.85,0
10.65,1,1,14,318.3,5,1,1,25.41,0
20.12,2,1,18,287.37,2,0,0,2.86,0
0.8,1,1,19,100.75,1,0,0,-24.09,1
7.88,1,1,12,643.4,2,0,0,11.14,0
16.72,1,0,19,-158.14,0,0,1,-11.46,0
1.2,2,1,19,-145.15,0,0,0,2.73,0
0.41,3,1,21,-952.79,0,0,1,10.28,0
8.11,1,0,19,528.08,1,0,1,8.2,0
5.13,1,0,20,-38.46,4,0,0,16.21,1
11.06,3,1,22,1466.8,2,0,0,2.2,0
0.9,1,1,16,-202.77,0,0,0,2.6,0
9.52,1,1,24,44.29,1,0,1,11.05,0
1.35,1,1,20,273.25,3,0,0,-1.07,0
1.07,5,0,23,-550.95,0,0,0,-10.32,0
1.08,4,1,17,179.27,1,0,0,6.78,0
10.11,2,0,15,17.33,0,0,0,-16.93,0
6.57,3,0,16,-151.84,2,0,0,-1.21,0
4.44,2,0,22,586.3,0,0,0,-20.67,0
2.67,3,1,14,-451.87,0,1,1,-8.32,0
12.58,3,1,18,137.45,1,2,0,-7.7,0
2.99,3,0,11,727.33,0,0,1,-14.76,0
10.18,2,1,14,-353.31,0,0,0,16.51,0
3.47,1,1,18,-148.44,0,0,0,15.27,0
2.84,2,1,21,1172.65,2,0,1,19.71,1
3.73,4,1,18,237.2,0,0,0,-2.82,0
2.15,3,0,15,-253.1,2,0,0,-6.5,0
8.26,4,1,19,401.31,1,0,0,12.05,0
4.19,5,1,21,-284.05,0,0,0,1.93,0
1.59,1,1,10,-782.46,0,2,0,1.85,1
13.79,3,0,26,686.18,0,0,0,-38.16,1
2.91,3,0,15,-551.53,0,0,0,11.35,0
4.71,5,0,17,1225.86,0,1,0,9.36,0
14.22,5,1,16,-244.67,0,0,1,-0.08,0
5.87,3,1,24,1066.63,0,1,0,12.24,0
0.75,1,1,27,-684.34,0,0,0,9.03,0
16.86,3,0,17,512.75,1,2,0,-10.45,0
5.93,1,0,20,249.86,0,2,1,-3.3,0
2.45,3,0,21,418.87,2,0,1,-15.12,0
0.9,4,1,17,484.01,0,0,0,21.93,0
9.48,2,0,13,-248.87,0,0,0,14.66,0
5.81,3,1,10,-654.42,0,0,0,-12.21,0
4.57,2,0,19,-25.46,0,0,1,9.28,0
13.46,2,1,13,111.52,1,0,0,4.18,0
9.32,2,0,13,-235.92,0,0,1,-10.29,0
0.99,3,1,15,138.78,0,0,0,1.86,0
2.24,5,1,24,164.81,0,0,0,12.88,0
1.71,5,0,21,-455.01,0,0,0,14.1,0
8.17,1,1,16,197.49,0,2,1,34.98,0
0.2,4,0,13,-133.61,0,0,0,1.41,0
5.06,3,0,11,-349.99,0,0,0,-3.57,1
8.62,2,0,28,393.69,0,0,1,8.43,0
12.56,1,1,13,-388.5,0,1,0,-2.74,0
2.51,2,1,19,-228.33,1,0,0,-8.77,0
10.33,4,0,21,36.03,0,0,0,-13.89,0
0.7,3,1,18,687.16,0,0,0,-51.41,0
11.24,3,0,21,96.39,0,0,0,11.02,0
0.82,2,1,15,264.14,0,0,0,-24.57,0
3.04,3,1,13,-148.82,0,0,0,-13.2,1
9.58,1,1,11,-39.24,0,0,0,4.39,1
0.97,2,1,22,-24.44,0,0,0,-4.82,0
1.56,3,1,15,146.65,0,0,1,32.24,0
7.69,1,0,15,-147.98,1,0,0,-22.64,1
7.64,4,0,10,670.0,2,0,1,33.58,0
6.15,1,1,19,-186.58,0,0,1,20.71,0
7.1,3,0,16,-853.62,0,0,1,13.64,0
4.69,2,1,18,1371.4,0,0,1,21.59,0
1.74,3,0,21,-163.68,1,0,0,6.07,0
2.55,1,0,22,656.58,4,0,0,-25.55,1
1.2,1,0,24,702.4,0,0,0,7.72,0
14.35,4,1,17,472.61,0,0,1,-22.21,0
5.25,2,1,26,-99.01,1,1,0,-7.93,1
3.07,4,1,19,143.34,1,0,0,-1.17,0
3.72,5,0,16,-637.26,0,1,0,-13.67,0
17.66,1,1,21,995.07,1,0,1,14.19,0
1.0,2,0,15,-425.9,0,0,0,-3.21,0
5.29,3,1,18,-126.95,0,0,0,6.14,0
4.23,5,0,22,49.49,0,0,0,-0.14,0
5.67,4,1,20,-53.72,0,0,0,1.89,0
0.11,2,1,18,-328.44,1,1,0,-13.3,0
12.34,3,1,16,697.17,1,0,0,-17.61,0
16.14,1,1,18,475.14,2,0,0,-2.31,0
5.0,5,1,12,161.02,0,1,0,-14.49,0
7.16,5,0,18,-199.78,0,0,0,20.9,0
15.34,1,1,14,532.14,0,0,1,-20.65,0
7.37,2,1,11,-232.23,0,3,0,35.06,0
0.99,1,0,18,785.2,1,0,0,4.53,1
5.15,2,1,19,55.61,0,0,1,1.04,0
5.6,4,0,14,614.89,0,0,0,-8.1,0
3.31,2,0,18,-56.91,0,0,0,9.85,0
8.0,1,1,18,35.77,0,0,0,-3.06,0
16.34,2,1,21,612.71,0,0,0,4.51,0
15.59,5,1,14,1096.96,0,0,0,12.63,0
3.6,3,0,24,780.18,1,0,1,10.04,0
0.72,2,0,22,438.57,1,2,0,18.6,0
25.14,1,0,16,294.64,0,1,0,8.07,0
10.95,5,0,19,-253.47,0,0,0,-14.27,0
0.8,4,1,19,147.61,1,0,0,-31.2,0
15.22,2,0,13,-456.52,0,0,0,3.17,0
12.24,1,0,17,187.89,1,0,0,3.38,0
4.39,1,0,12,220.03,0,1,0,28.89,0
5.37,1,0,19,-980.42,0,2,0,-1.74,0
3.05,3,0,22,19.37,3,0,0,5.62,0
0.34,5,1,11,207.44,0,0,0,11.66,0
2.45,2,1,29,-41.85,0,0,0,7.7,0
9.74,4,1,21,179.02,0,0,0,12.66,0
0.1,2,1,16,-670.86,0,0,0,-12.27,0
2.43,3,0,20,-387.93,0,0,0,-14.65,0
3.05,3,1,21,517.47,0,0,1,-4.21,0
4.63,1,0,17,0.29,0,0,0,-32.61,0
15.14,2,1,20,169.94,3,0,0,-0.59,0
2.55,3,1,11,-273.26,0,0,0,-9.89,1
2.56,1,0,18,9.75,0,2,1,4.83,0
8.03,2,0,14,-1151.01,0,0,0,-3.98,0
3.61,2,1,18,423.01,0,0,0,-15.23,0
1.53,5,1,13,903.97,0,1,0,19.66,0
3.61,2,1,17,-532.51,0,0,0,1.24,0
0.91,4,1,22,-470.17,2,0,0,12.94,0
1.16,2,1,19,220.44,0,0,0,2.75,0
4.14,3,1,19,736.94,0,0,0,6.96,0
3.26,3,0,22,-1.05,1,0,0,-20.41,0
14.78,4,0,19,-614.66,0,0,0,19.17,0
2.7,2,0,23,-104.31,1,0,0,13.18,0
5.21,3,0,21,-514.97,0,0,0,-0.28,0
6.0,3,1,16,-334.42,1,0,0,4.32,0
0.1,2,0,18,-152.02,1,0,0,15.04,0
6.54,1,1,22,-464.66,2,0,1,-5.58,0
1.18,1,0,23,-388.95,0,0,0,-23.75,0
19.48,1,1,21,37.27,1,0,0,-5.3,1
0.97,4,1,19,107.52,0,0,0,2.29,0
3.21,1,0,19,-711.99,1,0,0,-0.49,0
0.54,1,0,23,198.19,0,0,1,19.76,0
34.61,3,0,17,-190.97,0,0,0,-14.4,0
4.19,2,0,17,360.13,0,0,0,-12.5,0
5.43,2,1,21,390.25,0,0,0,-15.87,0
0.42,1,1,17,-272.27,0,0,0,6.43,0
8.32,5,1,14,307.07,0,0,1,-22.89,0
1.41,4,0,14,-418.48,0,0,0,11.16,1
13.7,4,0,16,661.88,1,0,0,-13.99,0
1.38,2,1,13,-399.57,0,0,0,-11.6,1
1.27,3,0,12,176.37,0,0,0,26.55,0
0.22,1,0,19,-93.8,0,0,1,18.49,0
3.83,1,1,17,-508.45,0,0,0,1.79,0
4.99,1,0,11,450.46,0,0,0,-19.67,1
0.41,3,0,18,-307.07,5,0,0,30.22,1
8.96,2,0,21,-850.04,0,0,0,-2.94,0
3.62,2,1,20,-1441.01,1,0,0,3.71,0
4.46,1,1,20,-437.52,0,0,0,13.68,0
3.49,2,1,19,687.95,2,1,0,-29.44,0
3.07,3,1,25,628.87,0,0,1,-9.6,0
4.92,2,0,31,-359.3,2,0,0,-1.02,0
1.01,3,1,19,-187.23,0,0,0,1.96,0
1.2,1,0,18,-232.46,0,0,1,-19.55,1
11.87,4,1,19,-666.72,0,0,0,4.9,0
17.53,3,1,21,-474.42,0,0,1,0.51,0
2.8,1,1,22,490.57,0,0,0,25.01,0
1.89,1,0,14,251.94,0,0,0,15.0,0
6.2,3,0,11,136.54,1,0,0,-4.04,0
3.15,4,1,15,-667.57,0,0,0,-2.94,0
0.15,2,0,18,50.35,0,0,0,15.22,0
1.02,2,1,13,-1151.92,0,0,0,4.25,0
7.55,4,1,17,421.4,1,0,1,-20.57,0
6.45,3,1,19,129.29,0,0,0,31.41,0
0.16,2,1,22,-672.62,0,0,0,-14.85,0
1.51,2,0,21,808.21,0,0,0,37.18,0
1.58,1,1,21,-898.08,0,0,0,6.42,1
6.69,3,1,24,265.15,0,0,0,-9.53,0
0.12,2,1,15,277.59,2,1,0,-35.51,1
0.66,5,0,16,-619.84,0,0,0,11.65,0
9.65,2,1,18,-18.93,0,0,1,-23.25,0
1.18,2,0,18,-818.41,1,0,1,5.36,1
6.35,3,1,15,-1423.19,0,3,1,29.0,0
1.63,4,1,18,-533.94,0,0,0,-17.07,0
0.63,4,0,12,-308.31,5,0,0,11.07,1
1.67,2,1,16,322.13,5,0,1,-12.17,0
7.69,3,0,17,33.7,0,0,0,17.0,0
11.62,3,1,16,46.77,0,0,0,0.99,1
10.64,2,0,20,-507.21,2,0,1,-0.29,0
3.04,1,1,21,-265.01,0,0,1,18.11,0
6.62,2,0,17,-464.96,0,2,0,9.38,0
1.38,1,1,19,-612.49,0,2,0,-12.07,1
2.08,4,1,19,-296.85,0,0,0,26.81,0
13.6,2,1,17,37.26,5,0,0,-23.04,0
0.1,5,1,10,-286.32,1,1,0,4.14,0
0.54,2,1,23,-161.75,0,1,0,-12.34,0
1.4,3,1,19,347.46,1,1,0,-22.31,1
0.16,2,0,22,-250.38,0,0,0,-17.01,0
1.2,1,0,18,-666.98,2,0,0,-0.74,1
5.25,2,0,18,281.73,0,0,0,5.25,0
3.28,1,0,24,132.92,0,1,0,15.88,0
13.39,3,1,16,164.33,0,0,0,22.14,0
10.2,2,1,19,312.92,0,0,0,4.17,0
2.51,3,1,18,228.32,0,0,0,-6.65,1
1.8,1,0,19,14.36,0,0,0,15.59,0
2.87,1,1,22,1195.73,5,1,1,-9.22,1
5.35,2,1,21,-642.48,2,0,0,-23.93,0
1.87,5,0,14,-293.21,0,0,0,14.09,0
5.87,3,1,21,483.67,2,3,1,19.86,1
3.16,2,0,22,71.29,3,0,0,-12.33,1
4.82,2,0,17,378.96,1,1,0,29.41,1
3.44,1,1,17,84.88,0,0,0,8.75,0
2.09,5,1,20,687.03,2,0,0,6.51,0
17.79,3,1,22,-503.76,0,0,0,-7.75,0
8.65,2,0,20,671.23,0,0,0,15.26,0
0.91,3,1,15,585.5,0,0,0,-22.87,0
12.17,1,0,15,-605.14,0,2,0,-5.1,1
4.01,5,0,22,315.33,3,0,0,-11.0,0
13.5,1,1,19,-21.52,1,0,0,-19.63,0
9.65,3,1,25,-303.29,2,1,0,12.94,0
3.32,1,0,20,-944.31,1,0,0,5.12,1
0.14,3,1,14,-505.41,0,0,0,12.07,0
1.88,3,0,15,354.06,1,0,0,-4.17,0
4.68,3,1,16,406.92,0,0,0,14.78,0
6.02,3,0,30,-105.36,0,0,0,1.16,0
1.79,4,0,21,408.49,1,1,1,-7.08,1
0.9,1,0,14,472.63,0,0,0,-9.58,0
10.81,2,1,16,77.32,1,0,1,-29.74,1
24.96,1,1,20,-361.17,0,0,1,17.47,0
4.48,5,0,22,220.53,1,0,0,15.76,0
1.13,2,1,16,243.49,0,0,1,43.91,0
1.91,3,1,21,336.97,0,0,0,-5.02,0
0.11,3,0,10,432.7,0,1,1,-10.0,0
14.74,1,1,22,-681.08,0,0,0,-25.52,0
0.75,1,1,15,-254.96,0,0,0,14.4,0
5.16,2,1,12,-949.31,0,0,1,10.95,0
1.92,2,0,14,373.5,1,0,0,23.28,0
4.85,1,0,13,-106.16,0,0,1,-13.75,0
6.32,1,1,18,215.41,0,0,0,10.75,0
10.62,4,1,18,-737.84,0,0,0,-7.83,0
1.39,5,1,25,700.49,3,0,0,20.16,0
0.1,2,0,16,-597.17,3,0,1,8.04,0
0.88,2,1,13,387.28,0,0,0,-23.34,0
13.82,1,0,19,58.98,0,0,0,-1.97,0
12.42,3,1,11,-94.72,0,1,0,-29.22,0
5.46,4,0,17,-135.08,0,0,1,-17.45,0
5.51,1,1,17,-319.03,0,0,0,-16.54,1
6.56,1,0,18,647.6,0,0,0,-9.61,0
1.16,3,1,24,6.31,0,0,0,-3.94,0
14.75,3,1,14,-634.61,0,0,0,2.47,0
3.26,1,0,13,-191.98,0,0,1,1.72,0
2.9,3,0,16,64.17,0,0,0,-0.36,0
4.39,2,1,18,448.9,2,0,0,4.99,0
0.29,2,0,16,-302.31,2,1,0,-18.75,1
1.09,3,0,27,-268.89,2,0,0,1.1,0
8.04,4,0,10,11.72,0,2,0,21.52,0
0.52,2,1,13,436.71,0,0,1,-2.49,0
5.55,5,1,19,-684.38,0,0,0,7.42,0
1.69,2,1,17,252.68,0,1,0,6.02,0
2.96,3,1,17,-232.03,0,1,0,12.93,0
2.04,2,0,22,-162.22,2,0,0,4.31,1
2.64,4,1,18,1000.79,5,0,0,12.68,0
7.62,4,1,16,-98.23,1,0,1,7.61,0
2.12,1,0,16,377.35,1,0,0,9.86,0
5.01,5,0,20,359.46,0,0,0,6.63,0
3.88,4,1,19,-590.01,1,0,0,-15.1,0
6.54,3,1,21,-922.7,3,0,0,-17.56,0
16.57,1,0,24,410.49,0,0,1,-5.3,0
7.91,4,1,17,-541.77,0,0,0,23.27,0
1.45,4,0,26,-832.09,0,0,0,-2.57,0
0.19,2,0,25,513.08,0,1,0,4.64,0
1.83,5,1,15,-509.71,0,0,0,-29.51,0
5.42,1,0,18,-386.26,2,0,0,2.91,1
0.32,1,0,18,987.19,0,0,1,1.29,0
4.12,2,1,14,-829.87,1,0,0,-40.1,0
5.45,3,0,25,-628.14,0,0,0,4.36,0
2.44,3,0,19,-229.85,0,0,0,-24.76,0
8.84,1,0,18,-120.13,0,0,1,-10.88,1
0.68,5,0,13,-446.87,1,0,1,14.92,0
0.47,1,1,10,-579.33,0,1,1,2.36,0
7.82,1,1,21,755.0,4,2,0,-6.73,1
4.11,1,1,26,131.49,1,0,0,-8.01,0
7.0,3,1,19,292.58,1,0,0,-6.27,0
3.42,5,1,17,-68.61,2,0,0,2.41,0
1.7,3,0,13,144.73,5,0,0,-18.01,1
10.26,4,0,24,466.45,0,0,0,16.87,0
9.64,1,0,20,-498.15,1,0,0,-17.21,0
7.12,2,0,18,132.42,0,0,0,-25.91,0
1.91,2,0,13,348.02,0,0,0,14.87,0
5.35,2,1,27,772.4,0,0,0,-6.55,0
2.69,1,0,18,973.95,0,0,0,1.06,0
0.58,3,1,17,34.93,0,0,0,9.82,0
14.96,2,0,22,569.32,0,0,0,-10.79,0
0.88,3,0,23,-1335.08,1,0,0,2.06,1
18.0,2,1,17,776.14,0,0,1,9.72,0
3.54,1,0,17,-362.94,0,0,0,24.65,0
1.23,3,1,25,-120.55,2,1,0,-7.67,1
4.68,1,1,16,220.55,0,0,0,-6.94,0
12.38,4,0,20,-76.72,0,0,1,8.45,0
7.91,3,1,19,98.23,5,0,0,3.13,0
9.86,1,1,21,793.85,0,0,0,-2.06,0
6.45,5,0,19,-192.11,0,0,1,23.89,0
7.07,2,0,17,-543.46,1,0,0,-25.24,1
11.35,1,0,5,906.73,0,0,0,-21.33,0
1.72,3,0,10,263.38,0,0,1,-25.06,0
4.03,2,1,18,961.12,1,0,1,18.03,0
1.5,4,1,12,431.81,0,0,0,7.72,0
26.37,4,0,16,-661.8,0,0,1,-20.56,0
17.3,5,0,20,322.69,0,0,0,-1.85,0
0.24,2,1,16,-491.97,1,0,0,-0.42,0
7.34,2,0,15,3.72,1,0,0,-33.14,0
15.56,3,0,14,-37.86,2,2,0,2.82,1
1.19,1,0,22,-808.83,0,1,0,-17.66,1
5.04,2,0,13,-406.41,1,0,1,10.6,0
14.83,2,1,16,1102.59,1,0,0,-17.2,0
0.21,1,0,12,119.19,0,0,0,3.29,1
7.17,2,0,10,-87.8,4,0,0,19.42,0
2.12,4,1,17,906.45,2,0,0,14.62,0
15.49,4,0,8,-198.12,0,0,0,7.61,0
21.25,1,1,21,-45.71,1,1,0,-1.22,0
17.32,1,1,21,495.4,1,1,1,-22.5,0
3.86,2,0,17,-200.37,0,0,1,-6.59,0
11.88,4,1,27,-373.26,2,1,0,-3.39,0
11.17,1,1,18,-1126.88,1,0,0,-4.47,0
2.31,3,0,20,-468.25,1,0,0,-23.0,0
10.59,1,1,21,-473.01,0,0,0,6.52,1
0.23,3,1,17,79.28,0,0,0,-17.71,0
5.44,2,1,17,-305.23,0,0,0,23.19,0
1.57,3,1,18,1079.01,1,3,0,2.22,0
0.77,1,0,15,-528.81,0,0,0,14.69,1
0.48,3,0,16,700.32,0,0,1,14.38,0
7.15,1,0,11,109.88,0,0,0,31.17,0
2.49,3,0,15,403.39,0,0,0,2.73,0
7.74,4,1,19,373.01,1,0,0,-5.85,0
0.41,1,0,14,-1109.12,1,0,0,-5.56,0
2.27,4,0,18,-5.78,0,0,0,22.44,1
4.65,3,0,20,-131.11,0,1,0,-19.8,0
9.38,1,0,18,-566.49,0,0,0,-13.17,0
2.3,2,0,18,229.81,0,0,1,3.55,0
5.9,1,0,21,858.27,1,0,1,-2.29,1
13.03,3,1,19,-1336.5,0,0,0,14.51,0
5.74,3,0,20,-267.23,0,0,0,-20.08,0
1.59,1,1,20,-622.88,1,0,0,-1.0,0
0.15,2,1,18,35.89,4,0,0,-2.81,0
12.25,4,1,21,-162.81,5,0,0,-16.08,0
0.13,5,1,21,-302.84,3,0,0,13.18,0
12.46,2,1,15,344.75,1,0,0,-1.38,1
4.52,5,1,25,818.09,1,0,0,-2.01,0
16.79,2,0,10,1330.66,1,0,0,-12.37,0
9.62,2,0,22,-369.81,2,0,0,-5.55,0
37.09,4,0,16,-910.44,3,1,1,-15.32,0
2.59,2,1,21,279.6,0,0,1,12.96,0
8.75,2,0,24,805.24,0,0,0,15.49,1
3.08,2,0,13,406.84,0,0,0,25.2,0
3.92,4,1,23,803.17,1,0,0,6.51,0
5.93,4,0,15,-112.74,1,0,0,-5.09,0
12.41,2,0,16,-304.79,2,0,0,-7.03,0
24.84,2,1,14,57.72,0,0,0,7.36,0
8.77,2,0,24,-165.28,0,2,0,3.01,1
3.25,3,0,14,331.55,5,0,0,-2.61,0
3.28,1,1,13,484.88,0,0,0,-3.93,1
8.03,3,1,18,524.04,0,0,0,17.57,0
1.64,2,1,18,255.3,1,0,0,-6.48,0
0.7,2,1,13,122.91,0,0,0,20.2,0
2.63,1,1,20,397.21,0,0,0,2.73,0
2.03,1,1,20,-981.5,0,0,0,-5.52,0
2.11,5,1,16,105.29,0,0,1,-11.78,0
1.6,2,0,17,26.24,0,0,1,-2.32,0
0.26,1,1,20,106.54,0,2,0,7.55,0
0.11,2,1,16,-43.81,0,3,0,-5.66,0
26.4,2,1,12,215.93,0,0,0,12.76,0
3.35,1,1,21,-287.3,1,0,1,-6.4,0
2.91,2,1,19,564.76,0,0,1,-1.87,1
6.83,2,1,12,236.82,0,0,0,-19.3,0
1.48,3,1,21,75.34,0,1,1,8.39,0
17.97,2,0,12,-348.76,0,0,0,-4.01,0
9.26,2,0,20,407.66,0,0,0,23.68,0
0.56,5,1,16,103.33,0,0,0,10.57,0
3.24,2,1,13,-377.74,4,0,0,1.27,0
12.68,2,0,17,-28.33,2,0,1,18.38,0
17.37,1,0,15,314.54,0,0,0,6.08,0
3.78,2,1,23,275.79,0,0,1,15.12,0
5.7,3,0,16,243.5,0,0,1,-12.94,0
1.1,1,0,11,46.27,0,0,1,6.92,0
28.38,3,1,17,512.91,1,0,0,7.54,0
1.58,1,0,14,618.9,0,0,0,-23.17,0
17.16,2,0,12,368.66,2,0,0,22.6,0
6.29,3,0,14,-293.73,3,0,0,-17.4,1
5.61,2,1,24,-529.03,0,0,0,-19.48,1
4.31,3,1,17,-271.97,0,0,0,-42.73,0
1.57,1,1,25,976.83,0,1,0,7.11,0
1.17,3,1,17,140.85,0,0,0,-24.65,0
1.49,1,0,16,1063.22,3,0,1,-7.75,0
1.24,4,0,15,-60.1,0,1,0,12.57,0
9.07,1,0,28,-129.41,0,0,0,2.88,0
2.59,4,0,14,-37.03,1,0,0,-9.36,0
0.36,2,1,15,-46.09,0,0,0,-23.86,1
20.86,3,0,24,-386.83,0,0,0,-1.61,0
12.91,2,0,10,-574.42,0,0,0,12.83,1
15.77,4,1,19,250.67,1,0,1,10.51,0
31.68,1,0,18,527.45,0,0,1,26.8,0
1.15,1,1,23,1222.49,1,3,0,-9.8,1
3.03,2,0,22,-216.86,0,0,0,-19.76,0
8.52,1,1,20,-176.33,0,0,0,4.65,1
7.14,1,1,12,-385.61,0,0,0,3.17,0
1.0,5,0,14,562.86,4,0,0,-0.07,0
10.15,5,0,16,407.49,0,0,0,-11.2,0
1.53,2,1,14,-438.47,0,0,0,-39.8,1
1.52,5,1,17,-451.1,3,0,0,-15.1,0
4.62,2,1,9,476.26,5,0,1,8.36,1
5.39,2,0,22,191.6,1,0,1,4.26,0
5.21,3,0,23,379.19,0,0,1,14.48,0
0.58,3,0,30,-441.38,0,0,0,5.18,0
12.6,5,1,18,-938.86,0,0,0,11.04,0
1.85,2,0,16,-437.48,1,0,0,11.47,0
0.83,3,1,19,343.88,0,0,0,0.31,0
13.18,1,0,19,1055.53,0,0,0,0.41,0
18.69,1,1,17,-214.73,0,1,0,-43.63,0
11.89,1,1,27,1137.93,0,0,0,-9.85,0
9.95,5,0,15,414.91,1,0,0,-9.2,0
6.39,4,1,22,-696.52,1,0,1,-1.63,0
4.8,3,0,11,107.02,1,0,0,-13.96,0
0.55,2,0,18,431.99,0,0,0,14.06,0
3.15,2,1,28,-1212.74,2,0,0,-13.22,0
2.8,1,1,21,322.23,0,0,1,16.54,0
1.8,2,0,14,586.36,0,1,0,-14.42,0
7.71,2,0,18,199.43,0,0,0,-9.06,0
4.11,3,1,15,-30.86,0,0,1,-10.2,0
0.51,2,1,18,-86.46,0,0,0,-7.44,0
1.49,1,0,14,-115.66,0,0,1,17.68,1
6.9,1,0,16,-587.99,3,0,0,-4.91,1
0.48,1,1,16,-343.76,2,0,0,-4.52,0
11.43,2,1,27,-208.3,0,2,0,-11.13,0
4.1,5,0,13,56.75,0,0,0,-3.9,0
3.93,3,0,12,-278.41,0,0,0,3.25,0
5.38,4,0,18,-434.56,0,0,0,-3.23,1
10.45,2,0,9,379.89,0,0,0,-2.25,0
2.56,2,0,25,185.31,0,0,0,15.24,0
6.8,1,1,18,-269.61,1,0,0,4.1,0
5.0,4,0,17,253.14,0,0,1,-17.26,0
1.86,3,1,19,-226.58,0,0,0,-1.28,0
12.65,1,0,13,31.53,1,0,0,-8.08,0
9.58,2,1,19,487.52,1,0,0,7.82,0
6.45,2,1,12,-301.87,0,0,0,1.54,0
11.41,3,0,16,-586.21,0,0,1,16.95,1
12.12,5,0,15,-72.57,2,1,1,-11.1,0
7.39,3,1,19,-681.73,1,0,1,-2.89,0
10.88,2,0,16,-138.72,0,0,0,-15.96,0
7.17,1,1,13,-140.32,0,0,0,-0.63,0
6.84,1,1,17,-1231.84,0,2,0,-23.05,0
5.78,1,0,21,265.32,0,1,0,4.82,1
8.38,1,1,19,-91.34,0,0,1,-0.83,0
1.04,3,0,20,590.95,0,1,1,2.33,1
12.77,3,1,20,107.77,1,0,0,11.82,0
12.33,1,0,19,367.8,0,1,0,3.37,0
0.18,4,0,17,595.02,0,0,0,-19.15,1
10.49,1,1,17,-65.86,0,1,0,-8.34,0
0.83,2,1,17,-0.41,0,1,0,-1.2,0
2.45,1,0,21,-786.77,0,0,0,-4.92,1
8.16,2,0,10,619.77,0,2,1,-3.09,1
1.05,2,1,24,-72.85,1,0,0,24.32,0
10.22,2,1,16,-502.87,0,0,0,1.51,0
10.71,2,1,14,369.86,1,0,0,5.73,0
4.25,5,1,17,-1089.89,1,0,0,-30.13,0
0.1,1,1,18,-214.64,0,1,0,11.19,1
2.03,1,1,23,454.16,1,0,0,42.78,0
5.76,1,0,17,-218.86,4,0,0,20.18,1
23.84,3,0,10,-358.96,0,0,1,-6.6,0
5.99,1,0,18,-208.08,2,0,0,34.22,0
1.81,4,0,18,-1004.96,0,0,1,0.41,0
6.03,2,0,17,357.74,0,0,0,4.6,0
4.66,2,0,17,-61.44,0,0,0,-4.01,1
9.08,3,0,21,-136.16,1,0,0,-4.4,0
0.68,1,0,21,-134.33,0,0,1,-33.72,0
8.59,1,0,17,7.04,1,0,0,11.81,1
4.68,2,1,21,326.72,1,0,0,-4.45,0
19.78,3,0,15,-26.03,0,0,0,-2.82,0
2.51,1,0,21,-680.82,0,0,0,4.1,1
6.01,1,0,21,287.76,0,1,1,-6.22,1
16.13,5,0,20,249.28,0,0,1,3.96,0
0.65,1,0,20,102.76,2,0,0,18.05,0
16.61,4,0,18,537.62,0,0,1,6.07,0
6.99,3,1,24,15.19,0,0,0,-2.3,0
0.42,2,0,16,555.69,0,0,1,-1.85,0
2.15,1,1,19,703.61,2,0,0,3.01,0
7.39,1,0,14,291.16,0,0,0,-12.48,1
0.42,3,0,18,-373.97,5,0,0,3.12,1
5.24,3,1,16,-65.39,1,0,0,10.27,0
2.55,3,1,18,619.43,2,1,0,1.31,0
5.82,5,0,20,-748.81,0,2,0,-6.36,0
0.28,3,1,17,-195.98,0,0,0,-4.31,0
12.31,1,1,23,-171.48,0,0,0,9.78,0
21.78,1,0,18,-432.61,0,0,0,-16.5,0
20.82,4,1,21,436.44,1,0,1,-12.25,0
8.31,1,1,17,188.41,0,0,1,-24.1,0
0.84,1,0,21,-355.53,0,0,1,0.51,1
8.52,3,1,19,302.76,0,1,0,12.93,0
0.15,2,1,17,-79.21,0,2,0,19.97,1
0.13,5,0,23,-445.1,0,0,1,23.23,0
2.35,3,0,23,-356.46,0,2,0,-10.36,1
4.02,1,0,13,218.03,1,0,0,3.75,0
8.83,5,0,12,469.5,0,0,0,-6.03,0
6.9,2,0,24,-243.38,0,0,0,24.71,0
3.54,2,1,17,272.22,0,0,1,19.55,0
1.92,2,1,19,790.88,0,2,0,2.52,0
35.11,1,1,14,-629.44,1,0,0,-9.29,0
3.33,2,1,19,177.83,1,0,0,-51.72,0
3.6,1,0,16,415.33,0,0,0,-21.5,0
1.07,2,0,23,-47.57,0,2,0,-27.78,0
9.5,2,1,16,619.14,0,2,0,-21.69,0
7.1,3,0,16,1099.42,2,0,0,28.18,0
1.5,4,1,12,171.68,1,0,0,-19.43,0
0.52,1,1,19,-116.79,0,1,0,-15.91,0
6.85,2,0,15,488.49,2,0,1,-13.81,0
6.38,2,1,10,421.03,0,2,1,38.98,0
1.92,1,1,12,-1259.42,1,1,0,-0.94,1
18.08,3,1,16,-1.37,4,0,0,14.91,0
0.98,3,1,12,-197.3,0,0,0,2.63,0
3.4,1,0,17,198.35,0,0,0,-29.77,0
17.25,2,0,18,-96.83,1,0,0,22.99,0
3.27,1,1,15,-42.59,0,0,0,6.02,1
6.11,3,1,17,-431.61,2,2,0,-1.83,0
3.04,1,0,22,367.26,0,2,0,26.4,0
1.92,5,0,16,827.52,1,0,1,-5.2,0
24.8,3,1,18,-423.84,0,0,0,-2.17,0
3.16,2,1,18,-698.53,0,0,0,-5.18,0
13.47,3,0,17,10.0,2,1,0,16.14,0
1.57,4,0,16,-14.33,1,0,0,12.21,0
1.44,3,1,16,585.47,0,2,0,4.18,1
0.19,1,0,21,-614.6,0,0,1,-15.78,1
6.33,2,1,9,-268.98,1,0,0,-5.55,0
2.76,4,1,21,-1073.85,2,0,0,-15.78,1
11.99,3,1,20,687.49,1,0,1,17.41,0
3.85,3,0,17,125.27,0,0,0,-23.62,0
20.69,4,1,16,-231.72,0,1,0,23.92,0
1.23,4,1,21,-661.14,2,0,0,19.31,0
12.18,4,1,16,-615.24,1,1,0,-13.78,0
8.99,1,0,20,207.13,0,0,0,-6.25,0
8.84,2,1,22,-553.71,0,0,0,-10.69,0
11.18,3,1,20,52.0,0,0,0,6.45,0
8.59,3,1,14,1021.47,1,0,0,21.19,0
5.9,3,0,13,-173.79,1,1,1,17.78,1
0.84,1,1,15,-480.72,2,0,0,-6.49,1
0.2,3,1,20,191.0,0,0,0,18.82,0
15.22,3,1,24,-612.9,0,0,0,17.58,0
5.75,1,0,7,859.99,2,3,0,-2.83,1
9.55,2,0,15,701.81,0,0,0,-0.14,0
3.94,1,0,10,-82.09,0,0,0,23.13,0
0.75,2,0,16,-448.65,0,0,1,15.88,0
0.8,1,0,14,-212.88,2,0,0,18.37,0
6.94,2,1,19,-147.83,0,0,0,38.78,0
3.38,2,0,20,191.78,0,1,1,8.21,1
1.34,3,1,24,519.82,0,0,0,4.88,0
4.06,3,1,8,-518.26,0,0,1,20.37,0
0.4,4,0,19,505.45,0,0,0,29.82,0
5.23,1,1,19,308.84,0,1,1,-9.17,0
1.88,1,1,15,-253.89,2,0,0,-3.03,0
9.58,4,1,9,-543.36,0,0,1,-15.28,0
2.23,1,0,20,58.12,0,0,0,5.14,0
3.64,5,1,19,-529.79,2,0,0,13.34,0
0.1,4,0,16,511.84,0,0,0,-14.23,0
0.45,2,0,13,-561.94,0,0,1,17.01,0
2.99,5,0,21,273.85,0,0,0,-6.8,0
3.92,1,1,22,-40.31,1,0,0,-8.02,0
5.5,2,0,14,-280.31,1,0,0,16.95,1
2.07,3,1,21,-51.42,0,2,0,-9.38,0
7.12,2,1,12,539.99,0,0,0,-21.05,0
11.8,5,1,15,-596.13,1,1,0,11.15,0
9.08,1,0,13,-206.08,0,0,0,-1.98,0
0.24,2,1,19,-375.87,1,0,1,17.97,0
3.93,3,1,15,-19.31,0,0,0,12.49,0
0.67,3,1,11,-342.34,0,0,0,-26.22,0
1.66,2,1,12,-884.04,0,0,0,19.73,0
25.9,2,0,13,-527.57,0,0,0,28.5,0
0.92,4,0,20,818.88,0,3,1,15.5,0
4.15,1,0,23,123.36,0,0,0,16.11,1
5.78,4,1,13,106.18,0,0,0,-3.72,0
7.27,3,1,22,-141.31,0,0,0,-7.15,0
4.92,3,0,17,-25.81,0,0,0,3.19,1
0.1,3,1,19,-214.91,0,0,0,13.8,0
2.37,1,0,20,263.46,1,0,0,13.42,0
4.38,3,1,11,50.4,2,0,0,-6.57,0
0.55,4,0,13,-585.63,0,1,1,-8.09,0
2.59,2,1,20,126.86,0,0,0,-22.35,0
0.2,5,1,20,-1229.37,0,0,0,9.7,0
0.49,2,0,13,206.93,0,0,1,-5.85,0
3.03,1,0,28,-704.68,1,0,1,-4.52,1
0.85,2,1,11,-48.03,0,0,0,25.92,0
5.03,5,0,23,-597.31,1,3,0,8.98,0
7.02,2,0,23,1.41,0,0,1,4.84,0
9.67,4,1,25,289.14,0,0,0,12.45,1
1.34,4,1,16,751.41,2,0,0,21.31,0
1.1,2,1,23,-770.68,0,2,0,-24.26,1
0.66,1,1,13,487.74,0,0,0,-8.48,0
6.07,3,0,20,65.58,0,0,0,-3.48,0
7.35,2,1,17,-225.33,5,0,1,-14.68,1
0.19,3,1,18,379.93,0,0,0,-3.98,0
16.51,2,1,18,-117.96,0,0,0,-23.27,0
0.32,2,1,16,358.77,1,0,0,13.83,0
4.68,3,1,18,-496.13,0,0,0,-7.76,0
7.41,2,1,26,-316.5,2,0,0,3.01,0
12.29,2,1,20,471.8,0,0,1,0.77,0
7.51,2,0,14,742.7,4,0,0,8.36,0
9.71,2,1,22,-17.52,1,1,0,-36.91,0
2.49,2,0,15,-1393.64,0,0,0,6.75,0
10.12,4,1,19,-99.52,0,0,0,-4.13,0
0.5,2,1,12,16.21,3,0,0,6.1,1
13.51,2,1,22,-116.39,1,0,0,-17.69,0
4.76,3,1,16,168.17,0,0,0,6.21,0
10.2,2,0,22,-238.45,1,0,0,19.48,0
3.61,2,0,16,419.44,0,0,1,2.85,0
6.19,5,0,19,-583.36,0,0,0,-10.76,0
4.48,3,0,22,618.42,0,0,0,-10.1,0
7.89,3,1,18,775.04,0,2,0,8.64,0
0.51,3,1,21,-456.53,0,3,0,8.54,1
0.37,1,0,28,-456.8,0,0,1,5.35,0
1.7,3,0,15,205.35,1,0,0,-0.56,1
1.04,2,0,10,-593.61,0,1,0,3.04,0
12.32,2,1,13,-246.3,0,1,0,-0.97,0
1.48,2,1,13,551.26,2,1,1,-5.71,0
22.34,1,0,16,368.8,0,0,0,11.36,0
2.46,1,1,16,990.1,0,0,0,4.65,0
1.21,5,1,27,85.39,1,0,0,19.36,0
9.36,2,1,16,-305.42,1,1,1,16.75,0
6.45,2,0,20,25.62,0,1,0,4.16,0
4.14,1,1,23,-75.29,0,0,0,8.93,1
4.86,1,0,20,-68.28,0,0,0,-14.36,0
7.62,3,1,9,-11.9,2,0,0,-1.16,1
1.56,2,0,29,-465.88,0,0,0,5.14,0
33.65,2,0,16,141.11,0,0,0,-23.74,0
22.08,1,1,18,-704.33,2,0,0,6.44,0
6.3,3,0,21,-358.41,0,0,1,-14.39,0
1.34,1,1,14,-59.44,0,0,0,-12.74,0
6.84,1,1,12,-1129.78,0,0,0,-7.94,0
0.45,2,0,16,384.5,0,0,0,-0.46,0
0.19,2,1,23,-1026.58,1,0,0,-19.92,0
1.79,1,1,22,334.79,0,0,0,12.85,0
3.73,3,1,9,-646.4,0,0,0,2.66,0
12.16,3,1,16,-202.46,0,0,0,28.87,0
7.79,4,0,14,259.57,0,0,0,4.5,0
8.15,2,1,19,1099.07,3,0,0,8.56,0
3.33,1,0,19,58.23,1,0,0,-12.81,1
2.55,2,0,14,-991.31,0,0,0,-17.73,0
2.78,5,1,19,476.85,0,0,0,9.29,0
26.36,3,1,16,-115.96,0,0,1,-16.4,0
0.25,3,0,21,34.95,0,0,1,9.63,0
12.11,1,1,16,278.93,5,0,1,25.6,0
5.19,2,1,17,-1112.69,1,0,1,14.19,0
3.46,1,1,17,3.27,0,0,1,8.56,0
7.75,3,0,21,-204.85,0,0,0,4.04,0
4.0,5,0,16,610.92,0,0,1,-5.76,0
12.4,5,1,14,363.56,0,0,0,-1.72,0
13.86,2,1,13,-813.5,0,0,1,-8.48,0
3.29,2,0,20,631.31,0,0,0,-19.73,0
1.94,5,0,24,224.76,0,0,0,0.53,0
5.38,3,0,14,-773.62,0,0,1,16.62,0
14.61,1,0,18,27.88,0,1,0,-19.33,0
1.42,2,1,19,517.41,2,0,0,20.98,0
5.85,1,0,16,-607.02,2,1,0,18.26,0
5.99,2,1,19,688.79,0,0,0,5.95,0
7.93,2,1,16,-756.31,0,0,0,6.08,0
0.85,3,0,18,-395.61,0,0,0,-2.79,0
7.55,2,1,17,-471.44,2,0,0,0.63,0
14.38,1,0,25,688.47,3,0,1,-6.95,1
1.19,2,1,19,-245.51,2,0,0,0.47,1
1.63,4,0,19,-581.41,1,0,0,2.1,0
21.33,3,0,18,222.61,0,1,1,28.22,1
1.2,2,1,13,330.59,0,0,0,8.48,0
11.56,5,0,22,333.77,0,0,0,-3.14,0
4.07,4,1,24,-135.67,0,1,1,-1.48,1
1.7,1,0,18,127.27,0,0,1,-10.7,0
12.28,1,1,18,-325.12,1,0,0,-8.23,0
3.54,3,0,12,837.4,1,0,0,13.66,0
4.34,4,1,20,572.1,0,0,0,-7.41,0
2.67,5,1,21,541.48,2,0,1,-9.26,0
5.39,4,1,20,397.06,0,0,1,-8.89,0
1.07,3,1,19,259.87,2,0,0,-10.94,0
2.98,2,0,11,-622.18,2,0,0,16.91,0
20.92,1,0,19,316.65,0,0,0,2.14,0
1.79,1,0,24,57.13,0,0,1,-4.23,0
6.42,2,1,23,631.68,0,0,0,0.44,0
2.36,3,1,21,403.71,1,0,0,3.26,0
8.91,3,1,14,275.19,0,0,0,-11.21,0
0.84,3,0,10,-842.11,3,0,0,-20.84,1
21.0,2,0,14,-44.5,0,0,0,20.08,0
3.63,3,1,18,-278.95,1,1,0,14.82,0
1.62,1,1,8,126.18,5,0,0,5.67,0
0.46,2,1,17,-207.77,1,0,1,13.79,0
1.12,3,0,21,-137.97,0,1,0,28.72,0
4.4,3,0,15,229.52,0,2,0,-8.03,0
2.47,5,0,18,-216.07,0,0,0,-16.8,0
10.59,2,1,16,60.8,0,1,0,9.92,0
3.38,2,0,17,-759.71,0,0,0,-22.0,0
1.72,2,0,23,-416.2,0,0,0,0.57,1
5.76,2,1,18,328.02,1,0,1,-4.48,1
7.36,4,1,12,-615.1,0,0,1,10.11,0
1.1,3,1,22,622.86,1,0,0,-7.23,0
1.1,4,1,12,487.2,0,0,0,18.0,0
0.22,1,0,13,-134.11,0,1,1,-11.2,1
8.0,4,1,21,1499.37,0,0,0,10.59,0
6.54,1,0,20,621.55,0,0,0,-10.0,0
3.86,4,0,13,-474.64,0,0,0,8.23,0
11.15,2,1,13,373.09,0,2,0,-15.22,0
9.83,2,0,20,32.93,5,0,0,-0.36,1
5.28,2,1,12,-388.36,0,0,1,19.83,0
12.16,5,1,16,-534.95,0,0,0,1.73,0
1.38,1,1,12,497.45,0,0,0,17.75,0
0.71,2,1,21,-298.97,2,1,0,-0.39,1
1.89,4,1,21,-50.94,1,0,0,-7.58,0
0.35,2,1,21,-460.51,1,0,1,2.58,1
4.55,1,1,13,-374.08,0,0,0,9.28,0
16.55,2,1,16,-63.46,0,2,0,-28.58,0
0.24,2,0,9,194.09,0,3,0,7.83,1
0.78,4,1,21,-1294.18,2,0,1,-14.1,0
3.61,3,0,16,8.46,0,0,0,-17.83,0
16.3,2,1,12,-373.06,0,0,1,8.08,0
2.28,5,0,16,701.18,0,0,0,20.08,0
4.25,2,1,23,1471.38,0,0,0,3.25,0
0.25,1,0,26,-179.64,0,0,0,-20.33,0
0.96,2,1,25,-861.11,0,0,0,-10.06,0
25.89,2,0,19,58.44,0,3,0,-6.27,0
20.13,1,1,22,-102.71,5,0,0,2.94,0
0.1,5,1,18,985.68,0,1,0,-1.08,0
18.2,3,0,16,833.29,0,0,0,7.43,0
6.12,2,1,19,432.69,0,0,0,15.0,0
12.15,3,1,17,-293.35,2,0,0,5.17,0
3.64,3,1,12,338.88,0,3,1,13.47,0
4.35,5,0,25,132.5,0,0,0,-4.05,0
4.03,4,0,21,120.66,0,0,0,49.44,0
6.6,2,1,15,-779.11,0,0,0,8.3,0
0.9,3,0,20,530.9,0,0,0,10.26,1
0.18,3,1,18,53.9,0,0,0,26.37,0
2.21,3,1,23,-50.42,1,0,0,1.32,0
7.32,1,0,14,-300.08,1,0,1,-9.68,0
1.35,1,0,13,-396.81,2,0,1,19.6,1
6.71,2,0,16,158.63,0,0,0,20.48,0
21.02,2,1,22,-874.58,0,1,0,2.3,0
0.59,1,1,17,394.75,3,0,0,26.39,0
6.7,3,1,12,-527.05,1,1,0,-1.25,0
3.52,1,1,17,-1029.34,0,0,0,13.98,0
12.16,3,1,14,910.95,0,0,1,22.73,0
1.17,2,0,20,-429.04,3,0,0,1.47,0
7.08,5,0,13,-361.08,0,0,0,6.85,0
10.93,2,1,19,567.27,2,2,0,15.39,0
17.36,1,1,12,927.22,0,2,1,-5.49,0
6.9,3,0,21,-766.5,0,0,0,-12.21,0
4.13,4,1,18,-478.08,0,0,0,19.99,0
5.77,5,0,19,-441.34,0,0,0,4.6,0
12.19,2,1,20,467.4,0,0,0,-7.58,0
5.07,2,1,17,819.57,2,0,0,1.41,0
0.19,4,0,23,-540.13,1,0,0,7.63,0
16.04,1,1,15,707.37,1,0,0,-23.54,0
7.02,3,1,16,-354.52,0,0,1,10.74,0
6.77,2,1,16,168.06,0,0,0,6.13,0
1.46,1,0,8,-635.73,0,0,0,24.83,0
6.45,2,0,16,-60.97,3,0,0,-3.28,0
3.0,2,1,30,-55.56,0,0,0,20.66,0
6.32,3,1,18,-157.58,0,0,0,-0.67,0
0.68,5,0,15,192.49,5,0,0,2.09,0
6.43,2,1,14,-503.52,0,0,0,4.21,0
40.0,4,0,19,-441.86,2,0,0,31.4,0
0.3,1,1,18,218.94,2,0,0,-18.59,1
22.68,2,1,17,671.02,0,0,0,7.43,0
3.13,1,0,25,-11.41,0,1,0,0.63,1
12.28,5,1,18,251.84,4,0,0,-0.43,0
9.15,3,0,13,379.04,0,1,0,8.75,0
5.02,3,1,9,415.25,0,0,1,16.59,0
8.05,4,1,15,-476.76,0,0,0,7.97,0
12.65,3,0,22,-388.51,0,0,0,18.53,0
3.11,5,1,14,-345.04,1,0,0,-3.76,0
2.38,3,0,19,964.32,3,0,0,-0.73,0
6.61,5,1,17,254.1,2,0,0,-15.01,0
9.9,2,0,20,231.66,3,0,0,29.74,0
8.62,1,0,19,183.12,0,0,0,-2.8,0
9.59,2,1,21,-660.4,1,0,0,-4.46,0
3.43,1,0,15,969.1,0,1,0,9.1,0
10.22,3,0,14,239.59,0,0,1,16.61,0
0.77,2,1,18,361.58,1,0,0,-10.38,0
4.72,3,0,24,-882.76,0,0,0,17.8,0
0.1,1,0,19,389.82,2,0,1,-4.55,0
2.35,1,1,12,-178.11,0,1,0,21.46,0
2.74,2,1,20,-661.39,1,0,0,-8.11,0
3.03,5,1,18,-476.88,0,3,0,11.03,0
7.13,2,1,17,-632.45,0,0,0,0.64,0
2.95,2,0,15,-640.89,0,0,0,-16.9,0
3.57,3,1,15,30.27,0,0,1,-21.24,0
1.63,3,0,18,-193.38,0,0,0,-11.14,0
2.8,2,1,15,167.03,3,3,0,14.89,1
1.55,2,1,14,837.99,1,0,0,-29.15,0
0.46,1,0,28,-64.75,0,0,0,5.01,0
5.55,5,1,17,-1122.44,0,0,1,3.7,0
6.62,1,1,20,-120.98,0,0,0,-25.23,0
5.8,2,1,24,596.7,0,2,1,-11.95,0
3.74,1,1,24,-42.97,0,1,1,-11.98,0
2.87,1,1,15,764.67,0,0,1,0.79,0
11.94,3,0,18,226.47,1,0,0,22.0,0
4.39,1,1,27,-919.13,0,1,0,16.12,1
3.91,1,0,24,54.79,0,0,0,-5.4,0
0.16,2,0,22,148.5,0,0,0,-12.44,0
2.5,1,1,32,540.18,0,0,0,-23.38,0
2.87,1,1,13,909.82,1,0,0,-5.68,1
3.05,4,0,16,453.86,0,0,1,-13.48,0
5.21,3,0,16,220.24,0,0,0,-0.54,0
4.58,4,1,15,338.09,0,0,0,0.03,0
5.62,4,1,9,-84.0,2,0,0,-7.13,0
8.69,3,1,21,-731.44,1,0,0,-6.82,0
10.06,1,1,14,20.75,0,0,0,-10.41,0
7.6,3,0,11,182.65,0,0,0,-7.69,0
18.68,4,0,21,-601.83,0,0,0,21.54,0
0.11,3,1,15,663.31,0,0,0,7.77,1
1.31,2,0,20,502.71,5,0,0,7.97,1
0.1,1,0,16,-685.88,0,0,0,15.18,1
6.26,4,1,26,682.92,2,0,0,13.85,0
13.7,3,1,15,-154.16,0,0,0,21.37,0
1.67,5,0,18,-389.25,0,0,0,8.83,0
15.71,1,0,15,539.64,4,0,0,3.08,0
0.37,1,0,20,-25.53,0,0,0,-8.86,0
16.35,1,1,12,949.59,0,0,1,-12.36,0
2.6,3,1,16,-426.44,2,3,0,13.23,0
0.64,1,1,25,-865.83,3,0,0,-1.67,0
3.99,1,0,22,-140.22,2,0,1,-20.4,1
1.78,5,0,18,394.61,2,0,0,-31.4,0
2.01,1,1,17,-463.57,1,0,0,32.21,0
2.2,4,0,20,-665.05,0,0,1,-14.79,1
9.75,2,0,16,114.46,1,0,0,-10.29,0
4.65,4,0,17,-731.84,4,0,1,18.42,0
2.24,3,0,20,153.35,0,0,0,-18.13,0
5.65,4,1,15,-170.31,0,0,0,7.97,0
7.56,5,0,21,247.23,0,1,0,27.33,0
1.91,1,1,17,-691.91,1,0,0,31.71,1
3.2,1,1,18,649.08,0,0,0,-6.71,1
0.78,2,0,14,-91.52,1,1,0,-0.18,0
1.2,3,0,20,381.76,0,0,0,-5.95,0
6.86,4,1,17,479.94,0,0,1,-0.27,0
1.2,2,0,19,-578.72,0,0,0,19.47,0
4.47,3,0,31,441.13,0,0,1,-20.99,0
7.41,1,0,24,-712.53,0,0,0,9.72,0
0.68,4,1,15,-685.07,0,0,0,-2.93,0
5.03,5,0,17,982.0,0,0,0,20.53,0
1.78,2,1,17,555.93,0,0,0,19.73,0
19.77,2,1,20,1036.83,0,0,0,-6.11,0
3.96,1,1,20,-185.11,0,0,0,-1.66,0
9.84,3,1,17,51.21,4,0,0,13.39,0
4.79,2,0,18,263.68,1,0,0,14.75,0
0.27,1,1,18,-6.1,2,1,0,-37.09,0
6.02,2,0,20,-373.07,0,0,0,13.34,0
18.15,2,1,16,-448.04,0,0,0,24.7,0
5.52,2,0,20,106.93,0,0,0,3.83,0
10.26,3,0,15,-533.43,1,0,1,14.25,0
12.94,1,0,23,-547.43,0,1,0,19.18,0
1.55,3,0,12,196.79,1,1,1,3.32,0
1.43,3,0,20,-47.58,0,1,1,12.21,0
5.66,2,0,23,468.6,0,0,0,0.19,1
3.18,1,0,17,-212.46,0,0,1,-0.78,1
10.99,3,1,17,-290.63,1,0,0,-9.92,0
13.82,5,0,24,211.78,0,0,1,2.6,0
2.62,1,1,23,-406.01,0,1,0,28.3,0
1.62,2,1,14,-329.06,3,1,0,-13.54,0
9.1,1,0,16,-309.23,1,0,0,9.25,0
1.93,3,1,16,-104.85,0,0,1,4.81,0
10.38,1,0,10,886.22,0,0,0,22.12,0
3.31,2,1,21,-688.39,0,0,0,24.94,0
6.61,3,1,21,647.75,0,0,0,-13.86,0
0.6,3,1,12,368.89,1,2,0,-8.61,1
5.87,2,1,21,783.49,0,1,0,-7.79,0
3.61,2,0,16,1568.34,2,0,0,-7.26,0
5.3,3,1,17,715.73,0,0,0,-5.98,0
1.1,1,1,12,462.83,0,0,0,5.21,0
8.01,1,1,16,-656.25,4,0,0,-12.77,0
11.92,4,1,14,-593.11,0,0,0,-10.66,0
1.47,1,0,12,180.1,2,0,1,-11.86,1
0.6,3,1,26,-849.04,1,1,0,7.39,0
0.14,5,0,26,307.72,0,0,1,-0.96,0
6.16,2,0,16,-1067.46,0,0,1,-3.62,0
5.61,2,0,21,576.12,0,0,1,-12.63,0
4.75,3,0,26,-160.85,3,1,1,-24.06,1
1.58,4,1,21,63.3,0,0,0,24.47,0
2.97,5,1,13,-374.19,0,2,0,-4.33,0
5.42,3,0,18,-949.26,0,0,0,40.66,0
4.12,1,0,14,617.35,0,0,0,11.59,0
26.43,3,0,17,667.85,0,1,1,27.44,0
0.88,2,0,13,-175.74,0,0,0,14.9,0
7.13,2,1,20,330.96,5,0,0,2.38,1
3.11,1,1,20,-195.45,0,0,0,-8.96,0
3.35,1,0,24,144.24,0,0,0,-14.65,0
7.59,3,0,8,379.57,1,1,0,16.79,0
7.07,2,1,10,277.54,1,0,0,3.98,0
28.44,2,0,17,670.48,0,0,0,9.25,0
0.82,2,1,13,259.44,0,1,0,12.22,0
0.66,4,1,16,14.04,0,0,0,5.34,0
7.73,3,0,17,-380.71,0,0,0,-7.08,1
5.18,2,0,26,-239.25,1,0,0,15.19,1
1.92,1,1,18,405.03,0,0,1,-2.97,0
0.5,2,1,14,-750.91,1,0,0,1.36,0
0.54,5,1,25,552.9,0,0,0,10.76,0
13.48,3,0,12,-140.57,1,0,0,-0.88,0
1.28,2,1,22,-409.3,0,1,1,-27.27,1
2.34,3,0,12,-549.36,2,0,0,15.61,1
1.54,2,0,19,337.18,0,0,0,18.82,0
2.63,4,0,20,-7.32,1,0,0,-27.47,0
0.43,2,1,12,794.38,0,0,1,-15.65,0
4.39,1,0,25,-631.54,0,0,0,30.36,1
0.42,1,1,19,-289.08,2,0,0,3.48,0
9.67,2,1,17,-46.11,0,0,0,0.05,0
1.6,5,1,16,-375.93,0,0,0,-6.4,0
4.66,2,1,18,3.06,1,3,0,-15.46,0
12.73,4,0,18,159.75,1,0,0,-2.92,0
6.31,3,1,16,242.24,0,0,0,14.62,0
4.57,1,1,15,753.08,0,0,0,-0.24,0
2.35,1,0,19,-651.74,0,0,0,9.15,0
2.43,1,1,13,168.88,2,0,0,26.49,0
6.64,3,0,23,-323.47,0,0,1,-8.71,0
30.84,1,1,26,215.01,1,0,0,4.54,0
6.51,2,1,14,215.67,0,0,0,15.07,0
4.9,2,0,16,-493.46,0,0,1,-13.99,0
7.87,3,1,15,-450.58,0,0,0,2.67,0
3.76,1,0,15,255.82,1,0,0,28.08,0
0.37,2,1,20,11.7,0,0,0,-5.1,0
4.96,2,1,12,-109.81,0,0,0,16.03,0
18.97,2,1,15,328.99,0,0,0,-2.12,0
1.16,4,1,18,365.86,0,0,1,26.99,0
7.03,1,1,12,-264.82,0,0,0,-24.68,0
1.35,4,0,28,-426.03,0,0,0,0.97,0
4.6,3,1,15,-630.96,1,0,1,-22.18,1
0.61,3,1,12,16.73,0,0,0,-10.51,0
3.59,3,1,20,-711.58,0,0,0,-10.6,0
8.47,2,0,19,49.71,4,0,0,-4.0,0
2.56,1,0,14,608.42,0,2,1,-17.82,1
6.56,3,0,13,-176.73,3,2,0,-1.08,1
9.52,2,0,18,-268.1,0,0,0,6.91,0
15.72,3,1,21,998.92,0,0,0,-22.98,0
1.6,2,1,23,754.85,0,0,0,-9.52,0
3.06,4,0,25,-382.3,0,0,0,38.11,0
0.99,3,0,22,69.51,0,0,0,4.94,1
29.34,1,1,14,164.34,0,0,0,-27.27,0
15.7,2,1,18,101.83,1,0,1,-21.01,0
4.66,3,0,13,907.34,0,0,1,3.39,0
11.07,3,0,18,43.61,0,0,1,1.51,0
4.42,2,1,23,118.62,0,1,0,-8.81,0
5.86,4,0,17,344.33,1,0,0,32.9,0
0.56,2,1,17,594.96,0,0,0,39.28,0
8.45,2,1,20,468.45,0,0,0,-3.97,0
0.82,4,1,18,269.04,1,0,0,13.09,0
10.49,4,1,24,-779.35,4,1,0,13.85,0
9.14,3,1,20,-244.07,0,0,0,15.84,0
7.4,4,0,15,409.71,3,0,0,-9.6,1
0.22,1,1,18,125.2,0,0,0,29.09,1
2.17,4,0,13,413.06,3,0,0,-1.03,0
1.83,2,1,16,943.58,0,0,1,6.33,0
2.68,1,1,16,-588.48,2,0,0,0.03,1
0.55,1,0,21,568.96,1,0,1,-2.1,0
16.58,2,0,18,-165.18,0,0,1,4.18,0
4.84,2,0,20,467.67,0,0,0,-17.79,0
2.19,2,0,18,-20.61,0,0,1,-29.57,0
3.03,1,1,23,1063.5,0,0,0,-3.2,0
3.56,2,1,28,65.04,0,0,0,-13.21,0
5.51,3,0,22,-320.26,3,0,1,8.21,0
4.35,2,0,16,209.94,0,1,0,6.51,1
15.11,2,0,13,161.97,0,0,0,0.2,1
4.12,3,0,23,569.05,0,0,0,22.22,0
29.09,4,0,13,224.03,0,0,0,-0.09,0
11.44,3,1,13,1237.53,0,0,1,-21.87,0
1.4,2,0,20,-55.7,0,0,0,-3.35,0
16.01,3,0,8,-49.81,2,0,0,17.56,0
0.74,1,0,17,-301.94,1,0,1,-28.26,1
10.2,1,1,25,42.83,1,0,0,-1.41,0
2.87,2,1,8,115.53,1,0,1,8.63,0
12.62,4,1,19,140.61,0,0,1,39.78,0
12.15,1,1,21,33.59,1,0,1,18.12,0
9.84,1,0,20,-304.91,0,0,0,1.99,0
9.36,1,1,27,-440.83,0,0,0,7.81,0
2.18,4,1,18,-187.59,0,0,0,-28.47,0
0.51,3,1,16,570.77,0,0,0,-15.75,0
3.09,2,0,21,678.4,0,0,0,9.76,0
1.14,3,1,15,-38.48,0,0,0,2.42,0
7.12,2,1,24,-470.79,0,0,0,4.33,0
2.55,3,1,23,-40.59,0,0,0,0.51,0
22.28,1,1,14,1045.83,1,0,0,-0.08,0
6.15,4,1,17,499.48,0,0,0,1.54,0
10.37,2,1,10,275.37,2,0,0,-15.84,1
0.85,3,0,19,481.34,0,0,0,-3.43,0
11.88,1,1,18,770.28,1,0,0,-18.66,0
15.36,2,1,19,-576.43,1,0,0,-9.29,0
4.01,2,0,23,-196.02,3,0,0,17.94,0
5.59,2,1,14,-264.36,0,0,0,-2.71,0
8.68,1,0,14,293.56,0,0,0,8.94,0
1.15,3,1,10,80.06,0,0,0,1.73,0
4.19,1,0,16,378.16,0,0,0,-5.77,1
3.05,3,0,21,-253.44,0,0,0,-15.13,0
0.95,4,0,16,685.98,2,0,0,-6.0,0
2.75,3,1,28,-34.67,0,0,0,2.75,0
0.42,3,1,22,347.27,0,0,0,8.7,0
0.16,3,1,16,597.7,0,0,1,1.84,0
0.87,2,0,21,557.56,0,0,0,9.74,0
19.8,4,0,22,180.41,3,0,0,-22.8,1
4.78,2,1,15,409.67,2,0,0,13.0,0
20.26,3,1,19,870.83,0,0,0,-16.92,0
3.4,3,1,24,256.8,0,0,0,14.75,0
2.24,2,1,17,-364.82,2,0,0,7.54,0
4.23,2,1,17,291.53,0,0,0,-28.05,0
3.47,2,1,24,-18.64,0,0,0,11.05,0
0.67,4,0,12,-1174.0,2,0,0,14.93,0
6.14,5,0,16,231.0,0,0,0,18.87,0
1.46,2,0,21,58.33,0,0,1,-11.53,0
5.8,3,1,19,578.21,0,0,0,2.69,0
6.3,4,0,22,-375.05,3,1,0,10.42,0
0.99,1,0,13,-752.85,0,0,0,11.04,0
0.38,1,1,18,84.34,0,1,0,6.14,1
9.11,3,0,19,190.09,1,1,0,-6.4,0
3.69,4,1,18,46.92,2,0,0,14.82,0
0.36,4,1,18,10.35,0,1,0,14.91,0
31.63,2,1,15,-534.36,0,0,0,-2.31,0
0.36,1,1,13,-69.46,0,0,0,-11.75,1
7.13,2,0,25,-174.2,0,0,0,-10.92,0
24.69,1,1,24,536.35,0,0,0,20.47,0
1.64,2,1,18,189.66,1,0,0,14.26,0
0.92,3,1,16,-139.0,0,0,1,-0.3,0
0.78,1,0,26,861.94,0,0,0,-2.99,0
2.17,4,1,16,-134.45,0,0,0,-26.52,0
0.64,2,0,17,278.89,0,0,0,-1.27,0
7.07,3,0,17,-83.46,1,0,0,-17.87,0
0.39,1,1,18,815.58,1,0,0,2.38,1
4.27,2,1,13,43.43,1,0,0,17.78,0
34.28,1,0,14,58.21,0,0,1,-14.71,0
10.09,5,1,26,-69.94,1,0,0,3.58,0
5.73,4,1,14,98.26,0,0,0,14.97,0
2.19,2,0,16,599.77,0,0,0,3.3,0
5.87,1,1,17,422.92,0,1,0,-7.86,1
4.49,5,1,19,14.04,0,0,0,0.16,0
3.33,2,1,11,850.66,0,0,0,14.36,0
0.84,1,1,15,436.49,0,2,0,3.94,1
13.06,3,0,16,-219.09,0,0,1,-0.05,0
3.58,5,0,21,-690.17,0,0,0,17.34,0
1.3,1,0,23,-207.51,1,0,0,7.72,0
2.75,1,0,24,206.67,0,0,1,-18.04,1
3.21,5,1,17,298.6,2,1,0,9.47,0
10.55,1,1,13,679.57,0,0,0,14.24,0
7.94,1,1,16,-547.27,0,1,0,-18.56,0
8.8,3,1,13,-219.58,0,0,0,-34.03,0
0.1,4,0,15,-588.82,0,0,0,-15.63,0
3.23,2,0,16,-669.4,2,0,0,-1.54,0
3.94,5,1,14,-313.91,0,0,1,15.15,0
0.12,3,1,31,183.31,0,0,0,-13.36,0
1.81,1,1,18,385.7,0,0,0,8.33,0
8.57,5,1,22,-474.18,0,0,0,-43.39,0
0.88,2,1,17,-404.64,0,1,0,2.7,0
4.6,2,1,17,-889.91,0,0,1,-6.1,0
1.45,3,0,13,107.18,0,0,1,31.48,0
0.1,2,0,20,-366.07,1,0,0,-28.38,0
1.66,1,1,16,831.52,1,0,0,-0.22,0
22.35,1,1,19,204.9,0,0,0,-28.47,0
9.7,2,1,20,-85.72,0,0,0,-8.25,0
19.25,4,0,23,-320.56,1,1,0,-25.52,0
4.01,3,0,14,-747.34,1,1,0,34.51,0
0.7,5,0,24,-683.94,0,0,1,-5.33,0
4.76,2,1,17,-311.07,0,1,0,-3.17,1
3.63,2,0,21,-349.45,0,0,0,-0.64,0
11.16,1,1,19,-499.59,0,0,1,-16.98,0
0.62,1,0,26,188.55,0,0,0,15.83,0
4.02,2,1,22,257.13,0,0,0,9.6,0
0.98,3,1,16,-229.32,1,3,0,13.77,1
2.36,4,0,9,967.58,0,0,0,-18.27,0
8.02,5,1,18,-873.36,0,0,0,17.03,0
3.88,1,1,15,29.08,0,0,0,15.3,1
2.83,4,1,26,-109.29,1,0,0,-3.49,0
3.01,2,1,12,-275.35,0,0,1,13.43,0
3.69,1,1,19,-348.83,0,0,0,4.09,0
9.22,4,1,24,-3.48,0,3,0,-23.91,0
13.36,3,1,19,-112.76,0,0,0,-2.74,0
18.65,1,1,24,-195.94,0,0,0,-7.22,0
9.28,2,0,26,-649.36,0,0,0,1.28,0
2.27,2,1,20,-809.06,0,0,0,15.32,0
6.99,3,1,21,-144.26,0,0,0,-24.62,0
3.45,2,1,16,-201.05,0,1,1,-6.65,1
1.76,5,0,13,-98.52,0,0,0,-12.33,0
11.03,1,0,16,-54.31,0,0,0,-11.68,0
0.24,2,1,16,-261.25,0,0,1,-12.35,0
13.92,2,0,11,-106.2,2,1,0,1.02,0
3.71,2,0,23,-426.76,1,0,0,7.85,0
6.08,2,0,22,761.97,5,0,1,5.22,1
6.46,3,0,19,-399.87,0,1,0,2.79,0
13.53,4,0,16,-185.49,0,0,0,9.33,0
6.07,5,0,21,-361.89,0,1,0,35.7,0
5.71,4,0,21,-370.29,0,1,0,2.04,1
0.41,4,1,11,12.32,0,0,0,15.32,0
4.38,3,0,19,-51.12,0,0,0,14.46,0
0.98,4,0,21,-229.73,0,0,0,26.67,1
8.02,2,1,13,-141.74,0,3,0,8.41,0
4.31,2,0,16,-359.91,3,0,1,-12.66,1
6.84,2,1,21,200.86,0,0,0,4.57,0
0.26,2,1,14,1027.6,0,0,0,3.77,0
0.53,2,0,19,-437.42,0,0,1,12.23,0
7.56,5,1,24,196.98,1,0,0,-13.1,0
0.45,2,1,20,22.47,1,0,0,18.99,0
0.44,1,1,9,334.31,0,0,0,0.08,1
0.1,2,1,21,348.4,0,0,1,12.59,0
18.81,1,1,19,102.71,1,0,0,4.65,0
8.03,1,1,22,-19.91,0,0,1,1.84,0
2.61,1,1,15,-217.23,5,0,0,3.51,1
2.11,2,0,13,-382.48,0,0,0,10.08,1
2.58,2,0,13,-48.42,0,0,0,29.38,0
8.94,3,1,20,-642.29,2,0,1,-30.26,0
6.5,3,0,17,-296.93,0,0,0,8.1,0
1.23,2,1,25,553.43,0,0,0,0.66,0
1.15,2,1,17,49.26,0,2,0,-2.66,0
0.62,2,1,14,446.33,1,0,0,-35.45,0
6.48,3,0,17,734.82,0,0,0,8.7,0
8.67,1,0,18,-88.51,0,0,0,-1.87,0
1.85,1,1,12,103.66,0,0,0,-12.52,0
0.13,3,1,19,-150.92,1,0,0,0.64,0
0.51,2,1,15,-406.3,0,0,0,-4.39,0
20.63,1,1,20,-476.48,0,0,0,-26.14,0
2.1,1,0,18,421.58,0,0,0,1.32,0
8.8,5,1,17,104.31,1,0,0,8.7,0
5.88,4,0,24,923.3,1,0,1,-8.24,0
2.89,3,1,32,486.03,0,0,0,3.93,0
1.38,2,0,19,-365.61,1,0,0,1.62,0
0.78,2,0,18,420.17,0,0,0,15.68,1
5.73,5,1,20,-152.54,0,0,0,-1.56,0
8.94,5,0,14,608.43,2,0,0,12.02,0
6.2,1,0,21,-243.17,0,0,1,-4.7,0
4.53,4,1,23,-526.21,0,0,0,29.51,0
0.26,1,1,19,-397.88,3,0,0,-6.55,0
20.74,1,0,11,-372.33,0,0,1,-10.27,0
9.62,3,1,17,-420.13,0,0,0,-1.51,0
2.08,2,1,23,-286.3,2,3,0,-10.92,1
23.46,5,1,10,428.35,0,3,0,-18.73,0
5.53,1,0,8,898.02,0,0,0,10.91,0
5.24,2,0,21,-665.09,0,0,0,-45.94,0
8.27,4,0,20,631.76,0,0,0,-10.76,0
10.02,4,1,15,-238.85,1,0,0,-20.13,0
6.41,1,1,20,173.94,0,0,0,2.13,0
0.82,2,0,16,-827.07,0,0,0,-32.84,0
2.48,3,0,17,262.02,1,0,0,8.22,0
15.79,1,1,10,-1002.66,0,0,0,9.84,0
1.53,5,1,16,156.97,0,0,0,-24.49,0
2.79,4,1,18,128.63,1,3,0,2.86,0
3.39,1,0,17,95.5,1,0,0,7.74,0
3.47,1,0,25,-367.46,0,1,0,14.1,0
5.7,1,0,18,274.76,0,0,0,-22.03,0
17.2,4,0,18,195.54,0,0,1,-24.14,0
1.65,1,1,15,-104.98,0,1,1,22.54,0
0.78,2,0,12,335.93,0,1,0,-12.33,0
1.32,2,0,22,-47.8,1,0,0,-7.91,0
13.08,3,1,18,264.39,0,0,0,9.5,0
6.23,1,0,18,-62.94,4,0,0,-17.54,0
2.02,1,1,17,108.35,1,0,1,-3.99,1
10.16,5,0,18,287.36,0,0,0,13.38,0
11.86,4,0,21,-198.96,0,0,0,-21.32,0
11.24,3,0,17,-616.92,1,0,0,-7.5,0
15.07,1,0,18,138.04,1,0,0,-16.9,0
1.74,2,1,24,594.7,4,0,0,-11.61,1
8.44,3,1,24,149.58,0,1,0,17.78,0
3.7,2,1,29,159.07,0,0,0,21.08,0
11.07,4,0,9,-21.09,2,0,0,3.87,0
7.82,3,0,14,369.56,0,1,1,7.98,0
8.99,1,0,20,-92.97,1,0,0,7.57,0
6.41,4,1,24,-226.95,0,0,0,-10.09,0
1.17,5,0,16,552.65,1,0,0,3.57,1
4.73,1,0,17,-265.27,0,0,0,-19.43,0
25.07,2,0,21,444.74,1,0,0,-14.38,0
16.62,2,1,21,552.97,0,0,0,-1.3,0
0.26,2,1,17,283.41,3,0,0,-15.91,0
1.08,1,1,16,-624.62,0,0,0,-19.09,0
0.85,3,0,11,13.58,0,0,0,-10.68,0
7.77,5,0,15,-101.0,0,0,0,17.2,1
10.22,2,0,19,-248.0,2,0,0,23.36,0
1.44,1,1,17,71.38,0,0,0,-0.49,0
4.23,3,1,24,384.6,0,0,0,8.73,0
11.02,2,0,12,-229.28,0,0,0,-8.45,0
7.92,4,0,18,-85.69,0,0,0,-30.98,0
4.69,2,0,19,-120.53,0,0,1,-13.4,0
5.35,1,0,21,581.94,0,0,0,-4.63,0
4.26,1,1,23,-128.55,1,0,0,2.11,0
2.12,3,0,27,-617.2,0,1,0,-1.51,0
4.99,2,0,18,-786.72,0,0,0,-4.22,0
7.01,3,1,15,181.36,1,0,0,-8.62,0
12.4,1,1,20,-380.34,2,0,1,5.16,0
6.07,2,1,19,334.36,1,0,1,-20.46,0
8.59,2,1,24,-665.61,0,0,0,12.03,0
1.05,5,0,18,-269.46,0,0,0,-8.8,0
3.71,5,1,16,-665.28,0,0,0,31.01,0
0.1,1,1,18,217.31,0,0,0,-4.73,0
1.7,2,1,26,324.42,0,0,0,-7.2,0
7.78,1,0,18,169.31,2,0,1,-8.44,0
28.83,2,1,15,-542.97,0,1,0,-7.05,0
0.63,2,0,26,-372.88,0,0,0,9.11,0
3.08,4,1,23,117.16,0,0,0,-0.63,0
9.66,5,1,16,-843.87,0,1,0,14.81,1
1.37,2,1,18,-120.57,0,0,0,6.97,0
4.86,2,1,21,758.45,0,0,0,0.47,0
7.92,4,1,13,-89.98,0,0,0,5.59,0
5.74,4,1,17,-744.27,0,0,0,17.95,0
1.25,1,0,10,-303.7,2,0,1,9.85,0
2.63,2,0,15,-315.35,1,0,1,4.21,0
9.19,2,1,16,1070.15,1,0,1,6.34,0
4.85,1,1,20,832.84,0,0,0,-17.29,0
0.1,1,0,21,365.47,2,0,1,38.58,1
8.59,1,0,16,-171.54,0,0,1,7.92,0
0.22,3,1,15,600.31,2,0,1,9.42,0
8.22,2,0,13,-566.73,0,0,1,-0.43,1
1.36,1,0,18,538.29,0,0,1,-34.46,1
19.03,1,0,27,463.99,0,0,0,-3.98,0
2.75,4,1,21,-75.67,0,0,0,1.14,0
2.38,4,1,19,569.59,0,0,0,-12.34,0
0.97,2,1,19,-223.61,3,0,0,-12.47,0
2.19,2,0,13,-632.54,0,0,0,-5.09,0
12.56,5,0,20,488.98,0,0,0,11.57,0
33.65,1,1,12,-42.62,0,0,0,18.84,0
2.76,1,0,15,300.89,0,0,0,2.56,1
3.57,2,0,25,910.44,1,0,0,-8.51,0
7.68,1,0,14,-361.13,0,0,0,-5.44,0
13.04,2,0,12,-71.69,1,3,0,1.49,0
5.39,4,0,11,784.82,0,0,1,3.27,0
2.98,3,1,16,334.37,3,0,0,6.52,0
3.19,2,0,18,-349.89,0,0,0,-6.59,0
7.14,5,0,21,-477.51,2,0,0,7.94,0
0.1,1,1,16,-264.04,0,0,0,6.75,0
5.8,1,1,16,-369.21,1,0,1,-5.93,0
2.64,3,0,19,118.67,0,0,0,-25.79,0
9.49,3,1,10,39.22,0,0,0,-13.27,0
0.59,1,0,28,139.62,0,0,1,23.51,0
5.32,2,1,15,-420.41,0,0,1,-25.4,1
3.93,3,1,14,-35.42,0,0,0,19.76,0
6.17,3,1,22,-1027.85,0,0,0,-25.93,1
0.4,3,1,16,72.5,0,0,0,-11.6,0
5.2,2,0,11,587.72,1,0,0,-5.62,0
4.95,1,0,17,-712.37,5,0,1,26.73,0
4.93,2,1,15,241.71,0,0,1,0.39,0
5.55,1,1,18,-305.51,0,0,0,-3.21,0
6.77,5,1,19,401.25,0,0,0,-14.03,0
9.81,2,1,17,79.32,1,0,0,7.83,0
1.89,2,0,18,202.35,3,0,0,-7.69,0
10.46,3,1,13,32.41,4,0,0,-3.44,0
4.14,2,1,21,664.17,3,0,1,-5.38,0
0.48,2,1,20,173.71,2,1,1,10.8,1
0.36,4,1,16,-352.71,5,0,0,11.43,0
2.44,4,1,19,49.36,0,0,0,-13.36,0
9.22,3,1,11,-184.44,3,0,0,-9.41,1
7.38,1,0,24,81.2,1,0,0,-10.89,0
9.32,3,0,23,-209.88,0,0,0,2.75,0
4.37,3,0,16,-338.41,0,0,0,13.6,0
3.48,1,1,17,99.64,0,0,0,2.95,0
0.96,1,1,19,27.89,1,0,0,-32.86,0
2.39,4,1,11,531.98,0,0,0,11.4,0
3.42,1,0,24,-207.48,0,1,1,-20.23,0
0.56,3,0,8,-990.43,1,0,0,-10.73,1
1.5,2,1,17,-181.94,0,0,0,2.98,0
5.47,2,1,21,-813.22,1,0,0,-1.26,0
7.98,1,0,16,207.84,1,0,0,13.09,0
38.43,4,0,18,-836.95,4,1,0,-9.16,0
16.23,2,0,29,-494.19,0,0,0,-14.5,0
6.17,2,0,21,-181.17,2,1,0,-4.67,1
3.28,3,0,17,771.98,0,0,0,14.66,0
6.07,3,1,12,-536.45,0,1,0,9.45,0
9.24,5,0,16,6.2,0,0,0,1.31,0
0.76,2,0,19,289.99,0,0,0,19.89,0
3.16,2,0,16,742.03,5,0,0,17.17,0
10.99,5,1,16,388.9,0,0,0,11.83,0
2.91,3,1,18,546.95,3,0,0,-17.67,0
5.09,2,1,13,432.15,0,3,0,11.75,1
5.32,1,1,14,-604.56,0,0,0,-3.04,0
1.22,4,0,22,179.85,0,0,0,-5.92,0
2.7,2,1,21,424.33,0,0,0,-10.24,0
2.44,3,1,19,-478.25,4,0,0,-2.58,0
0.16,2,0,24,-289.88,1,0,0,-9.39,0
0.15,1,1,14,-401.6,0,0,0,2.55,0
10.69,3,1,21,386.31,1,0,0,-2.59,0
1.91,1,1,15,-34.64,0,0,0,3.31,1
4.38,2,0,18,-160.42,0,0,0,8.3,1
2.13,2,1,19,-640.83,0,0,0,-4.42,0
16.95,2,0,14,-33.7,0,2,0,-11.06,0
1.8,3,1,25,-283.79,5,0,0,-30.1,0
3.37,4,0,17,121.67,0,0,0,11.56,0
12.37,3,1,21,-571.48,0,0,0,1.18,0
11.07,1,1,25,88.95,0,0,0,-2.64,0
1.24,1,1,15,-219.48,0,3,0,17.58,0
9.74,2,1,17,-624.65,0,2,0,-19.33,0
3.68,5,1,17,-663.64,0,1,1,0.84,0
3.96,4,1,18,-588.51,1,0,0,-14.46,0
0.86,4,1,22,-103.2,0,0,0,9.84,0
0.5,2,0,13,60.5,0,0,0,-33.39,0
7.81,2,1,22,134.91,0,0,0,12.06,0
4.12,2,1,21,153.78,0,0,0,11.44,0
3.45,1,0,14,-379.26,2,0,0,-13.85,0
7.85,1,0,11,529.2,0,0,1,1.0,0
8.7,5,1,14,-221.11,0,0,0,-13.52,0
1.04,1,1,18,225.07,0,0,0,6.41,0
5.65,1,0,21,-82.08,4,0,0,12.3,0
0.87,1,1,21,187.81,2,0,1,-15.07,0
8.35,5,0,20,-107.16,0,0,0,-19.45,0
6.42,3,1,17,196.82,0,1,0,16.45,0
18.83,3,0,27,-3.69,0,0,1,29.12,0
0.43,4,1,25,406.92,1,0,0,7.42,0
0.35,2,0,15,-409.34,0,0,0,8.53,1
1.99,3,1,20,-884.95,0,0,0,-4.98,1
1.82,1,0,20,-486.68,0,0,0,2.7,0
1.7,1,1,18,534.46,0,0,0,5.26,0
14.2,4,1,19,-77.28,0,1,0,-2.74,0
1.72,3,0,16,46.03,0,0,0,20.25,0
1.9,2,1,11,-526.82,0,0,0,2.65,1
8.55,2,0,29,32.78,0,0,0,4.58,0
3.58,2,1,19,-511.41,0,0,1,-2.43,0
9.0,1,0,21,-437.89,0,0,0,-0.91,0
0.41,1,1,15,-201.24,0,0,0,18.28,0
4.01,1,0,15,222.55,3,0,0,2.19,1
0.21,2,0,23,275.92,0,0,0,2.54,0
0.39,4,1,10,289.52,0,0,0,2.73,0
14.21,2,0,15,-794.04,2,1,0,-5.47,1
0.9,1,0,22,-3.33,0,0,0,-21.12,1
4.56,2,1,22,-98.39,0,0,0,23.59,0
3.18,4,0,18,-766.09,0,0,0,16.02,0
2.56,1,1,20,7.99,0,1,0,18.74,0
13.81,1,0,25,-125.21,0,0,0,-16.09,0
0.13,2,1,18,255.76,0,0,0,21.67,0
6.54,3,1,11,40.62,2,2,0,29.5,0
19.85,3,1,14,-274.66,1,0,1,15.67,0
4.93,4,0,15,462.88,0,0,0,24.72,0
16.57,5,0,17,-1110.62,1,0,0,11.97,0
0.32,3,0,15,-32.13,0,0,0,-12.7,0
3.26,3,1,20,-881.63,1,0,0,7.61,0
1.81,2,1,16,-456.1,0,0,1,-15.31,1
7.87,1,0,17,262.41,1,0,1,-8.96,0
23.87,5,0,17,-637.1,0,0,0,4.74,0
1.78,2,1,8,-711.86,0,0,1,2.73,0
6.37,1,1,16,1190.97,0,0,0,6.95,0
1.32,3,1,24,-679.64,1,1,0,-26.88,0
5.0,2,1,16,825.26,0,0,0,-2.31,0
3.74,3,0,26,-86.1,0,0,0,8.23,0
21.45,3,1,18,-262.41,0,0,0,11.23,0
5.63,2,0,14,283.39,0,0,1,12.21,0
2.58,4,1,21,668.3,1,3,0,3.77,1
0.73,2,1,9,-573.03,5,0,0,-5.69,0
0.98,2,0,20,-255.12,1,0,0,7.52,0
1.53,2,0,16,423.43,2,3,0,-4.5,1
1.73,3,1,18,144.0,0,0,0,13.52,1
11.41,3,0,9,550.96,0,0,1,6.41,0
4.94,2,1,18,257.56,0,0,0,-0.93,0
4.45,3,0,24,904.11,4,0,0,-11.53,0
0.73,1,1,22,89.29,1,0,0,16.79,0
11.8,5,0,19,110.91,0,0,0,8.39,0
7.7,2,1,14,160.86,0,0,0,31.54,0
0.42,3,1,14,-71.24,0,1,1,7.89,0
7.38,1,0,23,424.04,0,0,1,9.15,0
4.71,1,0,21,118.52,1,0,0,-21.98,1
0.51,2,1,19,394.09,0,0,0,4.66,0
3.68,4,1,20,472.25,2,0,0,-4.75,0
3.98,2,1,14,214.23,3,0,0,12.4,1
1.09,5,0,21,250.86,2,1,0,5.02,0
17.48,2,0,15,-505.16,2,0,0,14.78,0
11.38,2,0,23,-275.18,0,0,1,31.99,0
6.63,1,1,15,421.69,4,0,0,-11.98,1
3.72,4,0,26,711.82,0,0,0,14.2,0
3.18,1,1,19,-970.22,2,1,0,10.25,0
6.32,4,1,18,-283.93,0,1,0,29.69,0
4.73,4,0,22,11.81,0,0,1,10.58,0
0.39,5,0,23,-439.64,0,0,0,9.02,0
4.31,2,0,23,-411.26,0,0,0,12.77,0
9.85,3,0,17,237.46,3,0,0,13.82,0
3.69,3,0,19,790.69,1,1,0,21.82,0
0.32,1,0,18,-1015.91,0,0,0,-12.29,0
9.26,3,1,10,-85.24,0,0,0,-5.89,0
1.35,1,1,19,231.64,1,0,0,26.03,0
1.8,2,0,17,390.11,0,0,0,-29.38,0
1.08,1,0,17,159.56,1,0,1,-1.27,0
2.4,1,1,22,880.7,0,0,0,2.24,0
8.48,2,1,15,14.45,0,0,0,-2.65,0
4.4,2,1,23,656.0,4,0,1,23.71,0
1.38,3,1,20,-323.18,0,0,1,7.14,0
12.61,1,0,24,28.99,0,0,0,-5.81,0
12.7,2,1,17,-606.36,2,0,0,-9.52,0
12.27,1,0,18,450.43,2,1,1,4.23,1
1.64,3,1,16,-60.22,5,2,0,17.49,0
3.6,3,1,21,178.91,0,0,0,2.08,0
25.19,3,1,23,-156.68,0,3,0,-2.02,0
8.87,3,0,23,293.21,0,0,0,-10.43,0
0.17,2,0,20,198.72,0,0,0,5.61,0
0.4,3,0,19,-497.33,1,0,0,4.78,0
3.74,2,1,16,-468.38,0,0,1,-10.86,0
14.4,2,1,18,-13.88,0,0,0,15.4,0
4.64,3,1,16,329.79,2,1,0,25.59,0
4.13,1,1,16,931.45,3,0,0,0.73,0
0.67,3,0,22,151.5,0,0,0,4.53,0
6.42,3,0,19,503.77,0,0,0,-16.57,0
10.36,2,0,16,-806.43,2,0,0,11.06,0
2.87,1,1,14,1006.48,0,1,0,6.96,0
8.97,1,1,12,302.84,1,0,0,-4.89,0
20.03,5,1,19,-24.8,2,0,1,-11.15,0
1.37,3,1,14,-82.35,0,0,0,27.71,0
4.45,1,0,22,-553.6,0,0,0,5.74,0
2.03,2,0,22,-410.64,0,0,1,-13.77,1
9.45,3,1,21,955.22,1,0,0,12.83,0
5.17,4,1,17,-494.5,0,0,0,3.44,0
6.04,1,0,24,-504.13,1,3,0,0.88,1
9.59,1,0,16,-351.11,2,0,0,14.68,0
3.02,4,0,27,-599.09,0,0,0,-39.19,1
14.8,1,1,15,7.65,4,0,0,-27.11,0
4.57,1,1,15,544.46,0,0,0,20.69,0
1.03,5,0,17,-305.25,2,0,1,-1.93,0
7.14,3,0,17,-686.66,0,0,0,-6.4,0
9.46,2,1,26,145.93,0,0,0,-20.07,0
2.29,1,0,12,-27.89,0,1,0,2.91,0
11.68,1,0,22,501.36,0,0,0,4.76,0
14.2,1,1,17,-227.25,0,0,0,21.61,0
1.95,4,1,19,-130.08,2,2,0,5.59,0
24.63,2,1,15,-74.77,0,0,0,-4.54,0
0.91,3,1,19,44.5,4,0,0,6.09,0
1.35,4,0,15,-196.28,0,0,0,16.64,0
1.22,2,1,20,-277.32,0,3,0,13.37,0
13.47,1,0,25,-925.19,0,0,0,9.32,0
6.37,2,0,25,-282.69,5,0,0,4.12,0
0.99,4,1,16,357.61,0,0,1,-8.72,0
3.48,4,1,15,425.12,0,0,1,-15.49,0
5.73,1,0,12,-235.56,3,1,1,-17.87,1
0.52,3,0,23,649.74,0,0,1,5.91,1
12.84,3,0,21,-14.35,1,0,0,7.47,1
9.77,4,1,27,-668.92,0,0,0,16.41,0
4.22,1,1,17,-826.19,0,0,0,8.43,0
20.49,2,0,25,609.13,0,0,0,15.76,0
3.25,4,0,21,-186.5,3,0,0,-1.96,0
24.85,2,1,14,-607.03,2,0,0,11.56,0
6.61,2,0,19,-1129.64,0,2,0,-15.02,0
6.04,1,1,20,-197.86,0,0,0,-0.9,0
1.09,2,0,24,202.38,0,0,0,-27.47,0
12.82,2,0,17,-348.85,0,0,1,0.47,0
3.35,5,1,19,-526.62,0,0,0,18.37,0
1.06,2,0,26,-274.69,0,0,1,1.05,0
0.1,2,1,18,621.6,0,0,0,10.83,0
4.92,3,1,10,-696.49,0,3,0,4.1,1
4.5,1,1,25,-320.85,1,1,0,-8.56,1
7.62,2,1,18,605.38,2,0,0,-2.8,0
13.26,3,1,19,247.09,0,0,1,17.7,0
0.5,4,0,15,89.56,1,3,0,10.75,0
7.89,3,0,13,-324.22,0,0,0,-9.26,0
1.25,3,1,14,15.25,0,0,0,-20.81,0
11.72,1,0,15,-268.91,1,0,0,3.1,0
10.26,5,0,14,-429.69,1,1,1,-8.73,1
4.67,1,0,11,-540.03,0,0,0,-2.66,1
7.43,3,0,18,392.05,0,1,0,-21.82,0
2.26,2,1,20,-30.2,3,1,0,15.61,0
3.82,5,1,20,157.26,0,0,0,-1.45,0
10.34,3,0,13,75.84,0,1,0,0.82,0
3.69,3,1,16,220.46,1,1,0,-12.49,0
2.66,1,1,18,-127.36,0,0,0,-4.16,0
4.09,2,1,16,-240.83,0,0,0,1.84,0
10.57,3,1,15,-407.64,3,0,0,-9.2,0
2.45,3,1,18,-706.98,0,0,0,-3.24,0
1.15,1,1,16,-561.02,0,0,0,20.79,0
7.47,5,1,14,-182.71,0,0,0,-26.25,0
10.49,4,0,17,-801.52,0,2,0,2.77,0
0.64,2,0,19,-691.14,0,3,0,-11.78,1
1.65,4,1,14,521.07,0,0,0,20.05,0
0.92,2,1,23,112.09,0,0,0,-2.71,0
2.57,2,1,23,-225.92,0,0,0,-15.71,0
3.59,2,1,23,1135.79,0,0,0,-3.23,0
8.29,3,1,16,-824.12,0,0,0,5.24,0
6.32,3,1,22,487.81,0,0,0,41.63,0
5.82,2,0,31,-55.73,0,0,0,-31.65,0
2.61,3,1,10,392.52,0,0,0,-17.99,0
11.05,3,1,17,54.48,0,1,0,19.58,0
3.82,3,1,19,-936.12,1,0,1,-22.63,0
23.21,1,0,17,47.73,1,0,1,0.14,0
6.03,4,0,10,167.78,0,0,0,-7.25,0
0.81,2,0,17,-1095.99,0,0,0,-9.61,1
6.77,2,0,20,972.02,0,0,0,-2.58,0
2.36,1,1,14,155.6,0,0,0,-4.99,0
6.96,2,1,13,335.99,0,0,0,15.86,0
0.43,4,0,19,-582.76,0,0,1,19.92,0
1.15,2,1,30,345.31,0,0,0,6.39,0
11.62,3,0,15,544.75,4,0,0,-3.54,0
1.55,1,0,22,126.78,1,0,0,3.88,0
10.89,2,0,26,-4.69,2,0,0,12.08,0
1.96,5,1,14,-446.79,0,0,0,15.03,0
6.18,3,0,17,-108.1,0,0,1,5.55,0
7.11,1,1,17,-256.01,0,0,0,22.91,0
4.31,2,1,10,286.0,3,1,0,-9.25,0
2.19,1,1,20,-424.94,0,1,0,17.1,0
1.43,2,0,29,282.33,0,0,1,10.57,0
0.2,3,1,19,-419.49,0,0,0,-9.15,1
2.17,3,1,22,-131.18,1,0,0,3.49,0
6.35,1,1,19,308.02,0,1,0,4.52,1
16.71,5,0,17,-351.9,0,0,0,-2.13,0
12.3,3,0,17,325.27,5,0,1,-2.29,1
8.72,2,0,11,276.5,0,0,0,-22.87,0
9.32,2,1,13,-135.48,0,0,0,-10.34,0
6.56,3,1,18,580.89,0,0,0,-3.58,0
1.81,3,0,19,38.89,1,2,0,-8.59,1
14.26,2,1,20,551.14,0,0,0,-12.83,0
6.67,2,0,16,896.73,0,0,0,15.92,0
4.93,1,0,21,-120.65,1,1,0,-1.56,0
0.71,4,1,27,322.48,0,0,0,32.5,0
3.55,2,1,22,-318.78,2,0,0,3.34,0
3.7,1,0,18,-516.41,0,0,0,15.6,0
12.0,3,1,23,-97.73,0,0,1,-3.12,0
4.75,5,1,16,-681.3,0,0,0,-9.93,0
2.87,5,0,17,-468.8,1,0,0,3.94,1
22.58,2,1,16,295.72,1,0,0,19.43,0
0.7,1,0,23,-256.82,0,0,1,-1.34,1
3.29,2,1,18,355.26,0,0,0,6.7,1
0.26,1,0,18,149.71,3,0,0,3.86,1
8.08,5,1,11,925.58,0,0,0,-1.47,0
15.01,1,1,17,262.17,0,0,0,-0.7,0
1.97,2,0,23,557.11,5,0,1,-14.98,0
11.73,2,0,17,200.94,1,0,1,-0.17,0
2.07,2,1,23,155.7,0,0,0,9.8,0
14.5,3,1,16,582.37,3,0,0,4.44,0
8.41,2,0,25,334.4,0,0,0,2.76,0
9.81,1,1,17,105.03,0,0,1,10.88,0
0.11,2,0,17,102.83,1,0,0,2.92,0
19.75,2,0,18,269.11,0,0,0,0.21,0
7.78,1,0,19,-335.69,2,3,0,11.03,1
2.18,3,1,17,-356.9,2,0,0,2.05,0
10.61,3,1,22,712.7,0,0,1,-3.55,0
1.98,3,0,23,932.21,2,0,0,7.02,1
12.37,5,1,12,-464.44,0,1,0,-0.53,0
0.72,4,1,24,-334.5,0,0,0,-4.22,0
7.3,5,1,16,571.26,3,0,0,2.33,0
4.67,1,1,9,266.76,2,0,1,2.51,0
0.61,1,1,14,338.21,0,0,0,-16.55,1
1.66,2,1,10,448.3,0,0,0,5.0,0
0.1,4,0,19,-120.37,0,0,0,27.7,0
3.8,5,1,16,164.98,0,0,0,-14.69,0
2.15,4,1,13,126.1,0,0,0,-7.54,0
5.47,1,1,15,-429.25,0,0,1,41.7,0
2.12,5,0,21,157.55,0,0,0,-12.33,0
2.14,2,1,14,618.86,2,0,0,19.3,0
8.16,1,0,24,-167.07,0,0,0,-3.43,0
0.3,2,0,20,76.28,0,1,0,0.9,0
13.99,1,1,10,103.35,3,0,0,-1.97,0
11.47,2,1,19,-142.33,0,0,0,6.39,0
6.61,2,1,23,338.45,1,0,0,-23.7,0
5.4,2,0,16,-340.03,0,0,1,2.79,0
13.37,3,0,17,666.32,0,0,1,-6.05,0
1.23,4,0,15,313.1,0,1,0,-27.95,0
0.49,3,1,18,-468.38,0,0,1,16.81,0
1.64,2,0,15,849.0,0,0,0,-31.61,0
9.5,4,1,18,84.05,0,0,0,32.23,0
0.21,4,1,23,-361.47,0,0,0,9.25,0
5.25,1,0,16,552.28,0,0,0,-20.41,0
32.34,2,0,20,247.34,0,0,1,20.07,0
11.62,2,1,15,-885.98,5,0,0,-11.26,0
4.42,1,1,24,-262.83,2,0,0,-10.57,0
0.39,3,1,17,139.55,2,0,0,-27.01,0
10.68,4,1,22,-1079.78,1,1,0,-12.96,0
5.48,1,1,18,42.54,0,0,0,-11.19,0
0.73,4,0,19,78.99,0,0,0,12.27,0
0.59,4,0,17,-591.75,1,0,0,17.51,0
14.42,4,0,12,135.32,0,0,1,-18.61,0
6.64,2,0,22,3.73,0,0,0,4.06,0
10.61,4,1,23,-595.65,0,0,1,-27.6,0
12.67,2,0,28,459.78,0,0,0,4.12,0
5.09,3,0,21,418.93,0,0,0,32.43,0
4.37,1,1,27,-144.87,5,0,0,-26.7,1
3.38,1,0,18,-99.29,1,0,0,-15.22,0
2.29,3,1,16,363.13,0,0,0,10.91,0
3.42,2,0,17,-100.33,0,3,1,12.68,1
8.92,2,0,15,-965.45,0,0,0,-14.12,1
5.53,1,1,23,243.47,0,1,0,22.1,0
13.38,3,0,15,-406.63,2,0,0,-12.23,0
3.52,1,1,17,-194.92,0,0,1,25.1,1
5.61,4,0,24,728.94,1,0,1,7.03,0
5.99,1,1,15,-66.99,0,0,0,19.07,0
5.37,1,1,18,0.87,0,0,0,5.56,0
7.28,2,1,23,254.83,1,1,0,9.85,0
1.63,2,0,16,252.67,1,0,0,10.65,0
4.31,2,1,18,-459.6,1,0,1,17.17,0
0.66,2,0,16,-30.15,4,0,1,-0.49,1
2.91,5,1,20,18.08,1,0,0,-13.5,0
4.01,3,0,13,136.01,1,0,0,-1.18,0
6.34,1,0,19,144.61,2,0,0,-10.01,0
18.04,2,1,16,1293.72,0,0,0,-9.03,0
5.51,4,1,24,-587.93,0,0,0,24.82,0
8.17,2,0,13,490.05,0,0,0,9.34,0
4.23,1,0,20,591.69,0,3,0,8.65,0
6.03,3,0,18,246.39,2,0,0,16.09,0
0.44,3,1,19,-325.16,0,0,0,9.26,0
1.76,3,1,21,832.33,0,0,1,28.01,0
2.7,1,0,26,-1095.99,2,0,0,-31.42,1
3.84,1,1,20,-341.63,0,0,0,-14.96,0
0.28,3,1,18,585.84,0,0,1,-10.51,0
0.91,1,1,18,-185.06,0,0,0,-20.64,0
1.94,2,0,25,798.23,1,0,0,1.69,0
21.35,2,0,18,-755.9,0,0,1,2.4,0
2.41,2,1,17,-556.05,3,0,1,29.63,1
3.95,5,1,13,-265.82,0,1,0,13.56,0
1.31,4,1,18,208.7,2,0,0,-7.61,0
5.66,3,1,18,-111.01,0,0,1,7.42,0
1.98,1,1,26,-245.2,0,0,0,-27.4,0
1.39,1,0,23,710.2,0,0,0,2.13,0
4.36,2,1,19,756.72,0,0,0,1.33,0
0.1,1,1,30,-207.19,0,2,1,-13.53,1
0.1,5,0,24,-854.88,0,0,0,-3.02,0
1.48,1,1,14,-1078.74,0,1,0,-10.39,1
0.22,2,0,16,119.65,2,0,0,-13.99,0
0.69,2,1,21,327.98,0,0,0,10.12,0
2.48,3,1,22,31.5,5,0,0,15.51,0
9.73,1,0,18,-35.45,2,0,0,7.65,0
5.09,2,0,15,-402.27,0,0,0,-6.57,1
4.31,2,1,25,327.49,0,0,1,-9.94,0
2.08,4,0,18,839.09,0,3,0,-6.1,0
16.11,1,0,24,-1108.44,1,0,0,-3.3,0
3.04,4,1,15,-38.75,2,0,0,-13.08,1
0.55,4,1,13,-485.17,0,0,0,15.81,0
5.76,2,0,24,-745.23,0,0,0,-3.03,1
0.73,3,1,20,-564.99,0,0,0,11.47,0
2.54,1,0,10,189.84,2,0,0,-21.0,0
4.25,5,0,26,202.48,1,0,0,-10.33,0
12.44,2,0,26,730.14,2,0,1,12.89,0
4.08,2,1,15,4.39,1,0,0,13.1,0
7.27,2,1,21,-879.11,0,0,0,-18.04,0
29.62,1,0,24,-119.08,4,0,1,4.55,1
0.85,5,1,25,-693.19,2,0,1,4.94,0
1.93,1,1,24,-603.4,0,0,1,-10.62,0
3.01,3,1,23,290.28,0,0,0,5.35,0
3.29,2,1,14,97.09,0,0,1,-23.71,0
3.18,5,0,22,293.78,1,0,1,-13.9,0
14.29,1,1,14,-178.75,0,0,0,8.98,0
7.51,2,0,23,395.26,0,0,0,0.44,0
5.62,2,1,19,-206.7,0,0,0,1.22,0
2.22,3,0,22,558.34,0,0,0,-2.63,0
10.42,1,1,17,172.32,0,0,0,8.05,0
18.61,1,0,21,-103.5,0,0,0,8.78,0
10.33,1,0,18,106.05,2,1,0,11.87,0
0.1,3,1,20,-8.93,0,2,0,1.89,0
6.07,1,0,19,798.05,1,0,0,-5.83,0
0.31,3,1,27,122.72,1,0,0,-8.36,0
1.79,1,0,14,-0.81,0,0,0,-15.85,0
0.37,4,0,25,-119.25,0,0,0,-6.04,0
5.55,5,0,17,421.59,0,3,0,-9.1,0
6.96,2,0,8,353.96,0,0,0,24.02,0
0.73,2,1,20,-136.92,2,0,0,-15.7,0
2.91,1,1,20,-577.82,1,1,1,15.56,0
3.66,1,1,16,-450.98,0,0,0,-4.02,0
2.76,2,1,22,-92.08,2,0,1,-3.1,0
0.77,3,0,22,674.46,2,0,0,6.02,0
3.26,2,1,21,-125.09,3,0,0,-21.28,0
8.35,5,0,14,-297.06,0,0,0,-12.0,0
0.44,2,1,22,-880.36,1,0,0,-18.62,0
0.5,3,1,16,756.77,0,0,0,-5.7,0
2.63,2,0,23,284.51,1,0,1,-13.64,0
17.06,2,1,27,398.0,0,0,0,19.76,0
6.63,2,0,26,480.84,1,0,0,-8.75,0
6.81,2,1,21,-82.37,0,0,0,-35.68,0
2.7,2,0,20,42.3,2,0,0,-5.02,1
5.4,3,1,15,744.3,1,0,0,12.11,0
0.1,5,1,15,89.79,0,0,0,24.45,0
6.07,2,0,15,293.76,0,0,0,-3.44,0
14.67,1,0,25,435.28,1,0,0,-7.75,0
5.69,2,1,13,321.47,0,0,0,-0.22,0
12.41,2,1,25,-64.08,0,0,0,6.23,0
7.72,1,1,23,-16.94,1,0,1,-16.93,1
0.77,3,1,20,388.82,2,0,1,-3.67,1
13.96,5,0,21,388.0,0,0,0,-0.74,0
0.41,5,0,22,584.12,0,0,0,0.69,0
4.58,1,1,17,275.55,1,1,0,-2.17,0
0.92,4,1,23,298.3,2,0,0,-14.04,0
0.1,3,0,17,-223.12,0,1,0,5.08,0
3.29,2,1,22,-290.57,0,0,0,-0.67,0
2.1,2,0,22,390.32,0,1,1,-0.71,1
3.99,4,1,14,-287.09,3,0,0,-16.24,0
5.17,2,0,27,-10.35,0,2,0,9.6,0
0.27,2,1,8,689.51,0,0,0,-14.22,0
0.79,2,0,20,610.29,0,0,0,24.25,0
4.91,3,1,23,150.89,0,0,1,-17.69,0
2.52,1,1,14,-148.07,1,1,0,11.43,0
7.84,4,0,20,-61.69,0,0,0,-28.62,0
6.34,3,1,16,433.83,0,0,1,-33.87,0
11.21,3,1,18,-18.25,0,0,0,-8.32,1
7.08,1,1,17,-279.14,0,0,0,-33.9,0
3.37,3,1,15,607.89,1,1,0,10.95,0
6.71,1,0,15,90.8,0,0,0,-0.33,0
1.93,1,0,14,-288.63,2,0,0,21.02,0
2.19,2,1,15,239.47,0,0,0,-2.51,0
9.33,2,0,18,485.61,0,0,0,3.65,0
3.55,3,1,22,-503.84,0,1,0,-4.02,0
9.61,1,0,21,-100.23,3,0,0,-13.11,0
10.37,2,1,16,-123.34,0,0,0,-6.1,0
11.69,1,0,28,226.14,1,0,1,-18.06,0
14.91,5,1,18,316.0,0,0,1,5.81,0
3.38,3,1,19,-275.74,0,0,0,-4.62,0
2.3,3,1,19,-746.38,0,0,0,-1.5,0
5.24,2,1,23,515.9,3,0,0,42.36,1
2.78,1,0,17,-559.97,0,1,0,-6.05,0
5.51,5,1,15,135.59,1,0,1,4.71,0
7.34,2,0,19,-65.99,4,0,0,-0.81,0
7.0,2,1,20,81.22,0,0,0,17.36,0
2.82,3,0,16,825.62,0,0,0,3.58,0
1.1,1,0,12,1519.14,0,0,0,-4.07,1
3.38,4,0,8,-816.72,0,0,0,34.39,0
0.92,2,0,14,491.95,0,0,0,-12.9,0
13.25,2,0,14,-78.12,0,0,1,-2.91,0
2.55,1,1,9,523.93,1,0,0,13.75,1
1.01,1,0,25,478.63,1,0,0,-12.27,0
0.15,4,1,16,704.87,3,0,0,11.48,0
6.23,3,1,17,142.48,0,0,0,-7.19,0
6.08,1,1,20,-444.79,0,0,0,15.05,0
2.5,1,0,14,463.82,0,2,1,14.66,1
0.45,3,1,25,59.0,0,1,0,-1.35,0
3.16,3,1,22,-116.92,0,0,0,-15.01,0
2.24,2,1,18,-238.11,0,0,0,-5.87,0
6.78,2,0,20,503.17,2,0,0,-0.22,1
5.59,1,1,17,801.68,3,0,0,13.32,0
2.72,3,1,10,-597.68,0,3,0,4.81,0
1.47,5,1,20,310.98,1,0,1,8.07,0
26.56,1,0,13,-186.19,1,1,0,5.24,1
3.63,3,0,25,-733.64,0,2,0,12.69,1
6.99,2,0,20,73.85,0,0,0,-3.01,0
0.91,2,0,17,-416.57,5,0,0,2.47,0
3.99,2,1,15,-788.88,1,0,0,0.43,0
0.17,4,0,17,-390.87,5,0,0,-6.57,1
4.22,2,1,18,-513.89,0,0,0,15.18,0
19.95,2,1,16,-323.34,0,0,0,14.86,0
2.91,2,1,14,-662.94,0,0,0,18.09,0
0.24,1,0,27,-197.57,5,1,0,-11.46,1
0.19,1,0,17,-356.62,0,3,1,5.26,1
2.95,3,1,21,187.81,0,0,0,16.39,0
1.05,1,0,13,296.77,0,1,1,22.54,0
0.14,3,1,22,130.07,0,0,1,-22.63,0
8.47,2,1,13,-117.72,0,0,0,-0.04,0
3.68,2,1,19,-131.21,0,0,0,-2.84,0
2.05,2,0,17,-418.54,0,2,0,23.86,0
13.82,2,0,20,-406.5,0,0,0,-33.14,0
0.74,1,1,14,351.8,0,0,0,-15.71,0
18.73,2,0,19,-879.85,0,0,0,21.5,0
2.26,3,1,10,-40.36,0,0,0,-7.05,0
13.16,3,0,21,-161.76,0,0,0,-19.52,0
5.54,2,0,20,299.57,1,1,0,22.68,0
10.52,2,1,17,-712.51,0,0,0,-21.48,0
24.82,1,0,23,6.24,0,0,1,15.33,0
2.04,1,0,27,171.49,0,0,0,-23.4,1
19.49,1,1,12,-952.37,0,2,0,-21.64,0
2.96,4,0,17,-537.16,0,0,0,3.0,0
2.92,1,1,13,-45.89,0,0,0,-12.72,0
2.5,1,1,10,257.07,1,0,1,4.09,0
4.68,2,1,15,91.25,1,0,1,27.03,0
1.0,1,1,18,280.23,0,3,0,-2.33,1
4.84,3,0,15,-539.69,0,0,0,24.42,0
4.68,1,0,18,-794.38,1,0,0,4.86,0
8.61,1,0,22,42.25,0,0,1,14.34,0
10.76,3,1,21,-614.68,0,0,1,-35.3,0
3.48,2,1,23,-432.66,1,0,0,9.54,0
2.16,3,1,14,466.14,0,2,0,7.24,0
1.8,3,1,21,94.55,1,0,0,-5.4,0
1.3,2,0,13,-284.07,0,0,1,28.43,0
0.36,3,0,17,-349.02,0,0,0,-7.4,0
2.52,1,1,19,310.46,2,0,0,-24.13,0
1.89,2,0,15,105.99,0,0,0,11.73,0
20.36,2,0,23,-607.28,0,0,1,-21.36,0
4.89,2,1,15,-973.91,0,0,0,1.15,0
2.56,3,0,17,940.9,0,0,0,20.1,0
5.21,4,1,12,-611.24,0,0,0,7.48,0
0.9,5,1,17,263.85,0,0,0,-3.71,0
3.52,3,1,21,755.35,5,0,0,-5.27,0
5.9,2,1,21,73.8,2,0,0,18.98,0
4.03,1,1,20,-300.22,0,0,0,-18.3,0
3.08,2,1,15,-713.02,2,0,1,11.63,0
30.55,2,1,23,-720.01,0,0,1,32.9,0
12.74,2,0,27,188.35,0,0,0,8.15,0
5.86,4,0,13,725.49,0,3,1,-3.57,1
5.06,2,0,22,-197.73,1,0,0,-2.4,1
5.82,2,1,12,-277.86,0,0,0,-7.21,0
1.35,2,1,15,348.74,0,0,0,-9.77,0
3.02,4,1,16,-342.97,1,0,0,1.77,0
0.24,3,1,12,137.24,0,0,1,10.19,0
3.87,3,0,17,20.9,0,0,1,24.16,0
4.7,2,0,11,-204.73,0,1,0,-29.35,1
1.55,4,0,18,-7.77,0,0,0,-36.59,0
19.95,1,0,20,881.58,0,0,0,24.45,0
14.41,4,1,20,302.27,0,0,1,0.86,0
7.68,2,1,19,546.25,0,0,0,1.64,0
4.57,2,0,14,-459.35,0,0,0,7.52,0
12.24,2,1,15,547.97,0,0,0,-2.8,0
0.84,3,1,19,319.51,5,0,1,29.63,0
9.38,1,1,21,-749.8,0,0,0,7.38,0
0.8,4,1,11,269.9,1,0,1,-6.71,0
9.49,2,1,28,-256.64,1,0,0,-5.37,0
1.94,2,0,16,-772.9,0,0,0,-2.15,0
12.58,1,0,22,64.89,0,0,0,-11.66,0
17.3,2,1,16,269.52,0,0,0,25.34,0
0.97,2,1,17,75.8,1,0,0,1.86,1
3.73,2,0,18,-54.57,0,1,0,-17.56,0
23.78,3,1,22,-165.29,0,0,0,6.08,0
3.96,2,1,12,1233.29,0,0,0,21.59,0
11.95,5,1,27,-591.28,0,0,0,15.91,0
5.33,3,1,19,436.46,0,0,0,-11.4,0
2.82,4,0,19,7.71,2,3,0,-16.64,0
2.02,1,0,14,-427.23,0,0,0,21.41,0
1.36,2,1,21,-24.2,0,1,0,-24.36,1
8.61,2,1,12,-696.47,1,0,0,5.56,0
2.93,3,1,21,-297.75,1,1,0,-8.53,0
4.3,4,1,18,-23.47,0,0,0,19.7,0
4.07,1,0,17,-775.56,0,0,0,-15.82,0
5.17,1,0,14,253.19,0,0,0,-11.95,0
12.04,4,1,18,-481.88,0,0,0,9.26,0
23.7,1,0,20,-725.86,0,0,1,11.93,0
3.14,3,0,9,-540.21,0,0,0,20.39,0
10.54,2,0,14,1087.98,0,0,0,7.09,0
8.68,4,1,19,-989.03,2,0,0,5.24,0
5.11,1,1,15,218.06,0,0,0,15.74,0
18.75,1,0,23,-375.82,0,0,1,-20.56,0
1.34,3,1,14,-175.06,5,0,0,-13.19,0
0.69,5,0,26,301.97,1,0,0,-19.3,1
11.54,2,0,15,277.41,0,0,0,-40.29,0
3.47,2,0,21,-340.35,0,1,1,12.63,0
11.26,3,1,19,-678.91,4,0,0,21.45,0
13.41,5,0,16,311.07,0,0,0,8.34,0
0.39,4,1,17,276.19,1,1,0,5.7,0
12.9,5,0,19,-142.48,2,0,0,1.27,0
3.57,1,1,20,220.97,0,0,0,0.83,0
4.29,1,1,18,-222.91,1,0,0,25.43,0
5.91,3,0,10,-413.52,5,0,0,23.24,0
15.65,4,1,19,1.98,0,0,0,-8.78,0
0.12,2,1,14,259.52,0,0,0,16.63,0
3.89,1,0,13,154.63,2,1,0,18.44,0
6.98,3,1,11,254.58,0,0,1,9.76,0
7.7,1,0,19,-380.29,1,0,0,5.81,1
7.08,2,1,23,790.94,0,0,0,5.3,0
0.87,2,0,18,-171.19,0,0,1,-22.23,1
2.13,3,0,21,-59.46,0,0,1,-23.56,1
2.67,3,1,23,-659.33,0,0,0,11.75,0
9.79,2,1,20,-96.93,0,0,0,-16.51,0
1.96,3,0,23,266.12,0,0,1,-20.84,0
1.42,3,1,18,381.26,0,0,0,-31.13,0
18.94,2,1,11,780.97,0,0,0,-7.14,0
0.1,3,0,23,260.12,2,0,0,5.62,0
36.77,2,1,26,138.46,1,0,0,6.82,0
6.78,1,1,24,-223.15,0,0,0,12.76,0
10.58,1,0,21,-330.87,0,0,0,-5.87,0
2.09,1,1,12,485.12,0,0,0,1.61,0
0.1,2,1,22,475.54,0,0,1,12.69,0
8.03,4,1,18,-538.51,0,0,0,6.96,0
10.78,3,0,13,361.55,1,0,0,-8.77,0
8.09,3,0,15,325.19,0,0,0,4.49,0
0.92,2,0,19,-556.9,1,2,1,-29.76,1
8.4,2,1,25,270.23,1,2,0,0.0,0
8.79,2,1,18,-524.77,0,1,0,-9.28,0
6.45,1,1,16,-1214.65,0,0,0,22.78,0
8.72,1,1,18,-80.05,0,0,0,-14.66,0
11.22,3,0,15,128.91,0,1,1,1.75,0
5.71,5,1,18,-57.54,0,0,0,-6.43,0
0.56,1,1,21,1433.55,0,0,0,-8.37,0
4.01,1,1,18,189.43,0,0,0,5.66,0
0.48,3,0,25,73.57,0,0,0,-6.27,1
3.14,2,0,24,214.8,0,0,1,27.78,0
3.14,4,0,12,-220.66,0,0,0,-29.62,0
0.41,3,0,20,464.74,0,1,0,9.47,0
2.57,5,1,12,180.5,0,0,0,-1.27,0
0.71,2,1,20,157.59,0,0,0,-0.75,0
9.91,3,1,21,-312.06,1,0,0,4.53,0
17.7,2,0,22,-782.17,1,0,0,14.97,0
0.45,3,0,15,-250.69,0,0,1,3.98,1
18.62,2,1,21,141.32,0,0,0,15.02,0
4.44,1,0,19,-222.35,2,0,0,0.7,1
2.14,2,0,16,145.86,0,0,1,-15.51,0
0.48,2,0,17,-116.18,0,0,0,-1.34,0
4.17,4,0,11,215.29,1,0,0,17.29,0
9.49,3,0,19,-488.41,0,1,0,-6.16,0
7.37,3,1,21,96.45,0,0,1,-16.24,0
0.31,1,0,20,-320.48,5,0,1,9.29,0
0.45,3,0,21,-769.14,0,0,0,5.05,0
3.09,2,1,15,-82.58,3,0,0,-11.56,0
2.1,4,0,15,768.16,0,0,0,-3.5,0
1.59,4,0,23,-729.29,0,0,0,-2.73,0
1.98,1,1,23,59.7,0,2,0,0.1,0
9.76,4,0,24,398.79,1,0,0,9.7,0
15.89,1,1,20,1150.02,0,1,1,-6.08,0
3.12,2,0,13,-246.47,0,0,0,10.47,1
14.19,2,0,19,-316.0,1,0,0,-8.0,0
2.33,1,1,14,-583.35,0,0,0,24.99,0
3.88,3,1,14,570.26,0,0,0,25.32,0
1.54,1,0,19,-433.71,0,0,0,-12.85,1
6.14,1,1,19,-185.3,1,0,0,-18.38,0
23.17,3,1,17,-924.47,2,0,0,14.67,0
5.55,3,1,12,441.99,0,0,0,3.87,0
2.66,4,1,18,579.13,0,1,0,8.28,0
6.26,3,1,17,422.89,0,0,1,-9.82,0
0.79,3,0,21,-802.66,0,0,0,-1.99,0
13.17,2,0,23,303.58,0,0,0,-5.17,0
4.2,1,0,18,-836.34,1,0,0,4.56,0
3.58,1,0,19,29.02,5,0,0,-18.69,1
5.29,2,1,19,102.54,1,0,0,-1.49,0
5.88,3,1,17,155.09,0,0,0,-18.84,0
0.45,2,1,12,267.32,0,0,0,-7.73,0
6.89,3,0,23,-4.02,0,0,0,-1.46,0
1.66,2,0,21,-981.21,0,0,0,7.61,1
7.51,1,0,17,267.56,0,0,0,8.85,1
10.37,1,0,13,48.8,0,0,0,11.41,1
9.78,4,0,19,-451.31,1,0,0,-22.24,0
4.82,3,1,18,-784.7,0,0,1,18.96,0
4.41,4,1,13,770.01,3,0,0,-9.67,0
0.93,1,1,20,615.65,0,0,0,-8.58,0
8.96,5,1,18,352.98,0,0,0,4.03,0
1.9,1,0,19,-338.15,0,0,0,-5.06,0
4.12,1,1,26,-1258.5,0,0,0,5.43,0
2.01,5,0,13,382.34,5,0,0,8.21,0
0.86,2,0,12,183.34,0,0,0,-11.45,0
5.96,3,1,20,-187.33,3,0,1,-2.76,0
0.34,1,1,19,562.4,0,0,1,-2.31,0
8.29,3,1,19,424.0,0,0,0,14.37,0
2.29,4,1,19,88.05,0,0,0,-6.98,0
0.1,2,0,21,17.53,2,1,0,-7.63,1
4.29,3,1,18,25.48,0,0,0,-15.32,0
0.29,1,0,15,339.97,4,0,0,-13.64,1
1.94,3,0,22,-428.74,0,0,1,-20.26,0
7.37,2,0,16,212.99,0,1,0,-10.55,1
0.39,1,0,11,-460.3,0,0,0,23.9,0
10.97,2,1,23,668.28,0,0,0,10.36,0
0.1,1,1,20,266.06,0,0,1,19.16,0
1.7,4,1,18,-344.11,1,0,0,-14.25,0
8.1,2,1,23,40.3,0,0,0,-29.22,0
2.28,1,0,21,-426.89,0,0,0,4.75,0
0.64,2,0,15,752.06,0,0,0,27.8,0
2.68,2,1,24,811.44,0,0,0,-7.28,0
1.89,3,1,14,348.11,0,0,0,1.53,0
11.1,5,1,23,778.33,0,0,0,-23.54,0
2.26,2,0,27,75.9,1,0,1,0.42,0
9.33,4,0,11,381.76,0,0,1,-1.87,0
13.35,3,0,20,612.36,1,0,0,-31.4,0
3.41,1,0,21,-2.87,0,0,0,-15.56,0
14.44,3,1,18,35.55,0,1,0,-16.75,0
2.84,2,1,13,466.83,0,0,0,-23.7,0
19.96,3,1,13,323.25,1,0,0,-10.87,0
0.56,4,1,27,-377.73,1,0,0,7.63,0
6.97,2,0,14,-1093.41,0,0,1,-9.5,0
4.09,4,0,18,-87.76,0,0,1,17.23,0
2.94,3,0,20,-1048.46,1,1,1,-5.44,1
6.01,2,1,16,-495.51,2,0,0,4.89,0
7.3,3,1,11,-437.14,1,0,1,7.46,0
0.1,2,1,22,-284.32,0,1,0,23.01,1
1.1,5,1,20,410.22,0,0,0,-10.74,0
7.49,3,0,13,518.84,1,0,0,6.64,0
6.59,1,1,20,254.37,0,0,1,-14.2,1
20.3,2,0,26,316.25,0,0,0,25.83,0
8.59,3,0,15,328.06,0,0,0,-15.6,0
18.07,1,1,18,-1248.41,0,0,0,5.76,0
7.27,1,0,16,5.1,4,0,0,23.39,1
2.12,2,1,25,-898.23,2,0,0,-17.95,0
0.67,2,0,24,254.57,0,1,0,8.93,0
9.13,2,0,17,-1046.55,0,0,1,-14.89,0
6.2,2,0,22,-90.22,1,0,1,34.93,0
0.3,1,1,23,273.88,0,0,1,-28.37,0
2.68,3,1,22,-558.88,0,1,0,-22.76,0
18.85,2,1,15,480.86,0,0,0,-16.82,0
4.16,1,1,17,253.31,0,0,0,-16.34,0
3.4,2,0,18,190.41,0,1,1,7.81,0
3.67,3,0,13,349.0,0,0,0,27.0,0
1.41,1,1,17,-179.6,0,0,0,17.33,0
2.76,1,1,21,75.96,2,0,0,3.51,0
2.77,1,1,19,5.03,3,1,0,0.14,1
0.32,4,1,16,-6.27,1,0,0,-9.1,0
8.75,3,1,14,-336.02,0,0,0,5.87,0
3.23,3,1,17,-621.27,0,0,0,-3.13,0
10.36,3,0,15,-168.43,1,0,0,2.84,0
11.4,3,1,12,-195.97,3,0,0,-11.11,1
1.43,2,1,21,-368.37,0,0,0,-18.03,0
6.43,3,0,16,426.03,0,0,0,0.38,0
3.84,1,1,10,-586.1,0,0,1,0.05,0
12.73,3,0,28,-85.75,0,0,0,-8.94,0
1.46,3,0,18,583.17,0,0,0,-11.5,0
6.8,2,0,17,454.56,3,0,0,8.38,0
5.62,2,1,21,608.15,0,0,0,6.82,0
2.1,2,1,13,-295.39,0,0,0,28.15,0
0.88,3,0,16,392.14,3,1,1,20.71,0
6.33,3,0,21,-531.49,0,0,1,-17.91,1
8.05,4,1,19,-137.94,2,0,0,-2.86,0
2.28,2,1,21,-90.88,0,0,0,-20.47,0
6.21,3,1,20,-287.92,3,0,1,-27.59,0
3.02,3,1,15,-180.91,0,0,0,32.93,0
7.49,4,0,25,-246.69,4,0,0,22.2,0
1.33,2,1,21,-491.2,0,0,1,-9.45,1
13.26,2,1,19,428.21,0,0,0,18.65,0
2.03,3,0,17,-91.23,0,0,0,20.88,0
2.75,3,1,13,100.72,0,0,0,-28.81,0
0.36,5,0,13,81.89,0,0,0,12.76,0
0.71,1,0,16,27.36,4,1,0,-7.37,1
4.35,1,1,19,46.4,0,0,0,5.75,0
1.87,5,0,11,-152.71,1,0,0,45.15,0
10.83,2,0,16,709.2,0,3,0,23.78,0
0.1,3,1,15,380.37,1,0,0,-1.92,0
2.86,2,1,18,9.19,0,0,0,21.33,0
2.47,1,1,21,-223.53,4,1,1,-28.83,1
0.12,3,0,16,-59.41,0,0,0,7.55,0
0.8,3,0,20,208.81,0,0,0,7.91,1
3.2,2,1,17,749.97,0,3,0,10.59,1
4.07,2,0,17,-686.52,1,0,0,-7.63,0
3.11,4,1,17,329.89,1,0,1,5.73,0
4.54,1,0,17,563.36,1,0,0,12.84,0
5.43,4,0,8,-743.36,0,0,0,-34.84,0
0.1,2,1,19,-90.58,0,0,0,-4.74,0
3.74,3,0,13,-532.26,3,0,0,-13.55,0
19.86,5,0,18,215.26,0,0,0,9.93,0
4.39,3,0,20,-179.18,0,0,0,20.67,0
6.79,2,1,18,-65.07,1,0,0,-9.18,0
2.24,3,0,18,-205.53,0,0,0,-16.33,0
8.92,2,0,18,360.08,1,0,0,1.76,0
8.89,2,1,19,114.52,0,0,0,-17.3,0
4.42,5,1,18,115.46,5,0,0,-3.4,0
22.38,3,1,18,80.31,2,1,0,-4.98,0
0.8,3,0,20,286.25,1,0,0,8.7,0
0.1,2,0,29,-130.99,0,0,0,4.73,0
8.82,1,1,18,850.39,0,3,0,2.42,1
9.88,1,0,25,-617.4,2,0,1,24.55,0
0.77,3,1,13,-862.96,0,0,1,4.05,0
1.85,3,0,20,-904.34,1,0,1,-6.27,1
0.11,2,1,23,-1039.79,0,0,1,-4.43,1
2.08,4,1,27,336.58,0,0,0,-11.46,0
8.9,1,1,20,275.68,0,0,0,-15.28,0
4.38,2,1,10,603.89,0,0,1,-20.84,0
2.57,1,0,11,-528.32,1,0,0,17.01,1
2.79,2,0,19,372.73,1,0,0,-10.77,0
0.1,1,1,23,28.41,0,0,0,4.74,0
2.14,5,1,21,83.29,0,0,0,-4.5,0
6.24,1,1,16,312.81,2,0,0,-0.44,0
21.94,5,0,16,-378.14,1,0,0,17.31,0
11.27,2,0,19,1293.62,0,0,1,2.65,0
0.14,5,1,22,665.94,0,0,0,-13.84,0
13.73,3,0,21,-265.85,2,0,0,-8.46,0
9.17,5,1,21,-545.37,0,0,0,12.9,0
9.1,1,0,13,-43.95,2,0,1,7.25,0
3.67,3,0,17,91.13,1,0,0,13.84,0
3.05,4,0,21,532.81,1,0,0,-3.58,0
2.17,1,0,18,-584.36,5,0,0,-20.94,1
0.41,1,0,22,142.74,1,0,0,7.6,1
1.55,2,0,18,-764.51,0,1,0,3.79,0
1.7,5,0,12,218.18,0,0,1,4.19,0
3.97,2,1,22,-53.75,0,0,0,-20.73,0
8.26,2,1,20,968.34,0,0,0,-9.6,0
3.85,1,1,26,-773.0,0,0,0,-14.08,0
0.36,1,0,19,685.3,0,0,0,5.99,0
18.99,4,1,19,-851.92,0,0,0,6.51,0
17.16,1,1,19,-663.61,0,0,0,-0.65,0
9.23,3,1,19,-838.55,2,0,0,14.51,0
28.49,4,1,25,125.18,1,0,0,22.36,0
4.72,1,0,10,-586.85,3,0,0,5.3,0
19.74,3,0,14,-674.17,0,0,1,10.07,0
0.47,1,0,17,101.38,0,0,0,-8.12,1
2.73,3,0,25,225.89,0,1,0,-10.88,0
1.53,1,0,14,19.92,0,0,0,15.15,0
1.31,3,1,14,-81.11,0,0,0,-13.12,1
0.91,2,1,28,914.45,0,0,1,10.46,0
5.84,2,0,14,72.92,0,0,0,25.79,0
9.12,3,1,19,402.85,1,0,0,9.8,0
5.18,1,1,25,71.46,1,0,0,-1.21,1
0.95,3,0,17,-548.94,0,0,0,-20.1,0
10.0,2,1,20,274.94,0,0,0,2.45,0
6.06,3,1,17,-327.9,0,0,0,15.14,0
2.95,1,1,14,-45.49,0,0,0,-2.68,0
6.73,3,1,20,152.7,3,0,0,15.32,0
1.81,1,1,22,-970.71,2,0,1,5.48,1
2.54,2,1,22,-804.75,0,0,1,4.37,0
14.97,1,0,18,454.73,0,0,0,-4.75,0
2.06,3,0,20,-331.87,0,0,0,-21.84,0
3.81,2,1,19,-308.16,0,0,0,-6.38,0
13.25,4,0,19,83.22,3,0,0,-6.5,0
7.38,4,1,16,-192.84,1,0,0,8.63,0
0.39,1,1,22,208.79,0,0,0,-0.23,0
0.96,3,1,29,-25.56,0,0,0,16.25,0
0.1,1,0,21,99.3,1,1,0,4.22,1
5.98,2,1,18,-350.93,0,0,0,-7.57,0
3.56,3,0,15,96.8,0,0,0,-12.22,1
0.87,3,0,18,552.54,0,0,0,-9.05,0
19.01,3,1,18,-283.87,0,1,0,2.41,0
4.53,2,0,16,457.66,1,0,0,-5.59,0
1.66,2,0,21,-25.78,0,0,0,-16.15,1
4.17,1,1,21,367.24,0,0,0,15.1,0
6.83,3,1,21,64.39,0,0,0,2.28,0
0.48,2,0,13,-16.71,0,1,1,4.12,1
1.93,3,0,24,174.86,1,0,0,-12.34,0
9.87,1,1,22,606.8,0,0,0,-15.62,0
3.69,2,1,18,118.05,1,0,1,-2.43,0
4.75,2,1,19,239.27,0,0,0,-30.42,0
3.4,1,1,17,-184.24,0,0,1,11.7,0
0.27,2,1,17,785.44,1,1,0,-10.56,0
1.09,4,0,14,320.17,1,1,0,-4.02,1
3.54,4,0,21,38.85,0,2,0,6.4,1
1.41,2,1,25,-61.33,0,0,0,-3.37,1
0.31,2,0,15,488.95,0,0,1,-17.53,0
11.13,1,0,14,-303.1,2,0,1,22.59,0
23.84,4,1,24,-891.44,0,0,0,-22.99,0
9.45,1,1,17,36.2,0,0,0,-33.55,0
11.54,5,1,23,595.0,0,0,0,13.12,0
1.66,2,0,24,795.65,0,2,0,-21.89,1
19.41,2,1,18,-53.65,1,0,0,18.79,0
1.32,5,0,14,21.79,0,0,0,5.65,0
18.15,1,1,17,259.77,0,0,0,4.25,0
31.58,3,1,18,-132.17,0,0,0,-8.54,0
7.46,2,1,17,258.2,0,0,1,-12.38,0
23.83,1,1,17,-42.7,0,0,0,-5.64,0
5.06,2,0,23,505.68,0,0,0,-13.16,0
1.8,3,0,19,361.49,0,0,0,18.12,0
3.45,3,1,21,405.11,1,0,1,-11.14,0
5.4,1,0,12,-102.66,1,1,0,7.6,0
0.46,5,0,11,962.96,0,0,1,15.08,0
5.84,1,1,10,241.96,0,0,1,-13.22,0
23.84,1,0,20,123.65,0,0,1,5.65,0
1.27,2,1,16,-380.47,0,0,0,-13.41,1
9.44,1,0,17,-48.54,2,0,0,-2.6,0
14.31,1,1,24,57.19,4,0,1,-6.88,0
17.26,5,0,23,-393.84,0,0,0,-10.43,0
19.33,2,1,22,-146.16,0,0,0,2.37,0
4.42,1,0,18,-82.9,1,0,0,-18.21,0
22.71,1,0,23,27.96,0,1,0,13.94,0
8.5,3,1,17,-881.35,0,0,1,-16.22,0
1.06,4,1,16,-67.64,0,0,0,-19.01,0
3.89,2,1,14,-188.67,0,0,0,-3.78,0
7.6,1,0,18,-10.44,0,0,0,-5.59,0
1.7,1,1,13,517.64,0,0,0,5.33,0
6.14,1,0,31,1026.2,0,0,0,1.27,0
6.59,1,1,15,339.19,1,0,1,-24.41,0
1.07,2,1,22,-617.21,1,0,1,14.8,1
5.0,1,1,20,-172.7,5,2,0,-4.16,0
8.86,2,1,29,297.98,0,0,0,3.62,0
4.15,2,0,21,241.65,0,0,0,33.03,0
0.1,5,0,18,493.66,0,0,0,19.3,0
0.1,4,1,17,-48.68,1,0,0,3.16,0
2.65,3,1,18,-181.75,0,0,0,-20.6,0
15.64,2,1,14,876.21,0,0,0,-20.35,0
1.56,2,0,13,29.34,0,0,0,17.43,0
6.04,2,1,15,-508.34,5,0,0,-6.03,1
1.51,3,0,14,737.57,2,1,0,-2.53,1
2.33,2,0,22,-748.05,0,1,0,-17.18,0
11.3,4,1,16,-1747.52,2,0,0,6.69,1
7.83,5,0,23,384.69,0,0,0,17.12,0
0.6,2,1,26,455.35,0,0,0,22.85,0
3.36,3,1,16,207.01,1,0,1,-6.72,1
0.18,1,1,24,-651.23,0,0,0,9.67,0
3.93,1,1,17,-29.43,0,2,1,-1.43,1
6.52,2,1,25,-139.08,2,0,0,13.2,0
0.76,1,1,15,-268.64,0,0,0,-0.06,1
2.05,4,1,14,706.03,5,0,0,-12.36,1
3.04,1,1,14,-523.33,0,0,1,19.8,0
15.12,2,0,12,158.05,0,0,0,1.48,0
29.99,3,0,20,597.02,0,0,0,-5.27,0
0.28,3,1,10,190.72,2,0,1,2.67,0
8.59,2,1,20,620.56,0,0,0,-11.05,0
2.79,4,1,17,281.86,0,0,0,6.23,0
2.99,3,0,19,214.67,0,0,1,-2.94,0
8.42,2,0,18,183.42,1,0,0,-11.92,1
15.04,1,1,15,306.72,0,0,0,35.65,0
18.09,2,1,16,-192.77,0,0,0,-15.11,0
5.16,4,1,23,-650.94,0,0,1,5.3,0
2.65,3,1,18,477.02,0,0,0,0.85,0
9.29,4,0,17,580.87,0,0,0,-15.38,0
1.73,2,0,13,125.99,0,0,0,-5.06,0
4.98,1,1,22,-274.19,2,0,0,-20.14,1
2.66,1,1,22,-778.86,0,1,0,31.0,0
6.41,2,1,25,42.9,0,0,1,-4.02,0
1.65,3,1,22,-674.48,0,0,1,-2.74,0
1.28,3,0,19,-744.49,3,1,0,29.18,1
15.02,2,1,23,-10.37,0,0,0,-12.36,0
0.64,2,1,26,-381.88,1,0,0,19.42,0
4.23,2,1,19,172.65,2,0,0,8.89,0
1.5,2,0,12,-79.65,0,0,0,-29.68,0
0.24,1,0,22,-303.32,0,0,0,-5.57,0
0.22,1,1,12,-852.46,1,0,0,6.55,0
1.16,1,1,23,-426.44,1,0,0,0.53,0
12.09,1,1,13,-408.07,1,1,0,0.57,0
1.99,1,0,21,-612.65,2,0,0,-9.11,1
18.03,1,1,20,-164.52,0,0,1,-10.69,0
5.23,3,1,17,-573.63,1,0,0,-4.63,0
3.44,2,1,26,-81.87,0,0,0,29.42,0
5.21,5,0,26,120.21,0,2,1,-13.62,0
4.36,1,1,20,-413.08,0,0,0,-7.23,0
8.53,2,1,19,212.7,0,0,0,0.43,0
1.99,2,0,24,-680.68,0,0,0,-21.95,0
2.61,1,0,23,-556.09,0,0,0,6.48,0
13.47,4,0,12,-56.61,0,0,1,-19.32,0
17.56,1,0,18,343.52,2,0,0,-16.31,0
13.38,5,1,12,433.7,0,1,0,-17.03,0
3.26,4,1,21,806.2,1,0,0,-24.61,0
9.09,2,0,14,-188.29,0,0,0,19.02,0
3.88,2,1,15,-63.75,0,0,0,7.82,0
4.13,3,0,18,-516.34,0,0,0,13.84,0
1.37,2,0,16,-626.88,0,1,0,12.47,0
5.37,3,1,23,114.29,0,1,1,-2.52,0
1.24,1,1,17,-387.94,2,0,0,-0.44,0
2.42,1,0,12,616.19,0,0,1,15.21,0
11.59,2,0,21,-731.19,0,0,0,24.58,0
1.39,2,0,20,243.18,0,0,0,-18.87,0
0.44,4,1,14,-502.87,0,0,0,37.8,0
0.43,1,1,19,-410.22,0,0,0,-19.73,0
16.96,4,1,19,269.56,1,0,0,-6.93,0
4.24,1,1,23,-337.94,0,0,1,1.11,0
3.16,2,1,17,-257.89,0,0,0,2.49,0
9.99,2,0,24,-406.08,0,0,0,29.46,0
10.84,2,0,16,892.51,0,0,0,15.18,0
2.42,1,0,17,-308.74,0,1,0,6.19,1
7.1,2,1,15,25.78,0,0,0,15.53,0
8.85,4,1,13,-100.96,1,0,0,5.19,0
6.38,2,0,15,110.71,0,0,0,-10.13,0
0.99,2,1,12,-307.37,1,0,0,7.28,0
12.52,4,1,21,-100.41,0,0,0,1.01,0
4.65,3,1,17,196.98,1,0,0,-12.64,0
1.99,2,0,19,-431.5,2,0,0,18.94,0
3.32,2,0,25,544.66,0,0,0,-0.82,0
0.23,4,1,20,592.74,0,1,0,-16.81,0
0.82,3,0,19,303.25,0,2,0,-14.44,0
8.7,1,1,24,34.94,0,0,0,8.02,0
0.1,2,1,18,-1495.3,0,0,0,15.74,0
3.23,4,0,10,212.15,1,0,0,7.22,0
4.44,1,0,17,-195.67,0,0,1,7.29,0
0.34,5,0,14,-123.14,0,0,0,-12.15,0
21.69,1,0,20,-948.69,1,0,0,1.39,0
1.54,3,0,26,246.79,1,1,0,-4.95,0
2.18,2,0,18,-724.29,0,0,0,-2.92,0
2.17,2,0,18,59.21,1,0,0,-1.68,0
1.57,4,0,24,452.33,3,0,0,-9.9,0
0.1,2,0,13,-234.66,0,0,1,11.27,0
7.84,2,0,18,608.03,0,0,0,-15.14,0
20.44,1,1,15,-373.5,1,0,0,-19.48,0
1.52,1,0,20,300.22,1,0,0,-11.78,0
6.53,1,1,11,-652.39,0,3,0,13.25,1
8.13,3,1,22,515.57,0,1,1,5.09,0
11.32,1,0,24,438.0,1,0,0,-26.75,0
3.3,1,1,27,234.18,3,0,0,8.96,0
2.17,2,1,19,-196.64,1,0,0,-0.73,0
2.36,3,0,20,-701.0,4,1,0,-6.26,0
7.48,3,1,19,-195.32,0,0,0,-3.63,0
10.18,1,1,18,555.15,3,0,0,-20.0,0
1.2,1,0,18,64.98,1,0,0,2.6,0
2.78,5,1,15,-776.52,2,1,0,-19.01,1
13.93,2,1,19,-562.36,0,0,0,-5.25,0
9.86,4,1,14,626.58,1,0,0,-5.23,0
25.14,4,1,25,243.96,0,0,1,11.55,0
8.42,3,0,13,-617.0,0,1,0,0.6,0
3.0,1,0,15,-882.92,0,0,0,10.59,1
5.36,4,1,16,-312.52,0,0,0,-17.94,0
6.49,3,0,22,-925.68,0,0,1,-1.62,0
0.49,3,1,19,-77.92,5,0,0,7.95,0
4.72,2,1,22,1225.81,1,1,0,18.63,0
7.41,2,0,29,-798.48,2,1,0,-17.09,1
1.1,1,0,16,-93.01,5,0,0,-12.61,0
9.1,2,0,19,655.96,0,0,0,7.58,0
5.26,3,1,23,374.54,0,0,0,24.17,0
18.25,2,1,22,-74.37,0,1,0,4.29,0
0.26,2,1,14,-73.17,0,0,0,-16.65,0
1.85,2,1,20,-577.95,0,0,0,-16.36,0
5.52,3,0,20,-133.83,0,0,0,2.02,0
2.11,4,1,22,121.72,0,0,0,5.36,0
7.52,1,0,20,552.56,0,0,1,-3.32,1
8.54,2,1,20,-310.09,0,0,0,-16.19,0
0.65,1,1,17,-94.92,0,0,0,16.52,0
4.33,3,1,28,-474.61,2,1,1,-5.23,0
4.27,3,1,17,112.66,0,0,0,7.9,0
2.77,5,0,15,391.89,0,0,1,-26.6,0
16.21,2,1,16,314.82,0,0,0,18.02,0
10.54,5,1,20,-585.09,1,0,1,-10.27,0
7.17,1,0,13,73.43,0,0,1,20.17,1
7.52,3,0,17,-338.66,0,0,0,9.19,0
3.72,1,1,18,505.53,0,0,0,-21.43,1
15.23,4,1,16,-80.66,2,1,0,3.68,0
7.12,2,0,14,-759.76,2,0,0,24.85,0
7.83,3,0,17,-109.9,0,0,1,-8.97,0
11.87,4,0,15,229.24,1,0,0,24.87,0
1.92,1,1,21,122.0,0,0,0,5.79,0
9.87,1,0,20,-255.9,0,1,1,20.11,0
1.3,4,1,20,-292.64,0,0,0,2.39,0
2.54,2,1,13,-493.75,0,0,0,-1.86,0
2.45,1,0,27,-197.37,1,0,0,27.56,1
23.05,2,1,19,-427.84,3,0,0,10.82,0
11.65,3,1,16,485.04,0,0,1,-3.53,0
7.25,1,1,25,-450.57,0,0,0,6.36,0
7.79,2,1,24,61.14,0,0,0,-8.47,0
4.95,1,0,17,27.15,0,1,0,1.62,0
17.64,2,0,26,472.83,2,0,0,17.93,0
4.11,4,1,20,544.68,2,0,0,-2.43,0
2.87,5,1,16,347.98,0,0,1,-13.12,0
1.07,3,0,21,176.46,0,0,0,-14.5,0
9.26,1,0,22,-524.32,1,0,0,1.1,0
7.96,4,1,17,-534.44,0,1,1,-12.11,0
2.91,2,0,22,-422.85,4,0,0,-21.49,0
0.15,1,0,24,375.96,0,0,0,-17.98,0
10.96,5,1,19,36.66,0,0,0,17.63,1
0.1,3,1,7,434.33,0,0,0,-2.14,0
7.3,3,1,11,501.4,0,1,0,0.87,0
21.09,3,0,18,-362.98,0,0,0,-14.5,0
3.45,1,1,15,16.04,1,0,1,-8.72,0
1.61,1,1,16,-6.5,1,0,0,-9.21,1
7.32,3,1,18,-163.89,0,0,1,-4.15,0
10.19,1,0,19,-267.42,0,0,0,-24.88,0
4.74,2,1,19,592.38,2,0,0,16.35,0
20.47,3,0,16,25.99,1,0,1,-0.25,0
0.32,3,0,18,6.57,0,0,1,3.03,0
4.22,2,1,18,-401.39,1,0,0,13.72,0
7.6,3,1,21,337.61,4,0,0,12.57,0
11.91,4,1,15,-502.55,0,1,0,-8.63,0
1.19,3,0,19,227.45,0,0,0,9.07,0
9.66,1,1,18,241.11,0,0,1,8.91,0
4.83,2,1,22,-206.26,0,0,0,4.74,0
3.03,2,1,18,158.83,1,0,0,15.92,0
0.85,1,1,24,92.83,0,1,0,11.99,0
12.03,2,0,20,-19.68,3,0,0,10.91,0
1.03,1,0,16,6.47,0,0,0,20.48,0
2.22,2,0,14,30.89,0,0,0,0.43,0
2.06,4,1,10,64.96,1,0,1,0.87,0
12.31,1,1,20,30.12,0,0,1,12.29,0
6.7,3,0,20,-551.93,0,0,0,-2.68,0
9.56,3,1,16,-76.11,0,0,0,7.22,0
1.73,1,0,21,132.47,0,0,0,-8.4,0
5.88,5,1,15,48.64,4,0,0,-34.19,0
5.09,3,1,17,476.88,0,0,0,8.97,0
10.73,2,0,14,310.04,1,0,1,-23.23,0
14.19,3,0,21,-435.2,0,1,0,-10.49,0
0.1,2,0,32,-83.31,1,0,0,12.3,0
6.73,3,1,20,-155.67,0,0,0,12.48,0
0.32,1,1,9,-2.17,0,1,0,17.63,0
4.78,4,0,18,-1.49,4,0,0,-30.3,1
2.03,2,0,21,305.76,0,0,1,4.44,0
2.2,3,0,14,88.66,1,0,0,-3.87,0
2.61,1,1,12,615.27,0,0,0,14.82,0
5.83,3,0,21,120.5,0,0,0,22.15,0
2.44,3,0,23,-415.3,2,0,0,-19.63,1
7.92,2,0,13,-233.64,1,0,0,0.24,0
3.11,3,1,15,301.89,0,0,0,12.49,0
0.42,2,1,17,-807.08,2,0,0,-5.07,0
9.19,4,0,16,-672.94,0,0,0,26.19,0
2.02,2,0,20,5.35,0,0,0,-6.02,1
3.4,4,0,24,475.46,0,0,0,-4.5,0
6.94,4,0,23,653.52,0,0,0,-16.1,0
2.42,2,0,17,-108.55,0,0,0,2.31,0
0.35,1,1,17,530.41,0,0,0,-45.27,0
2.81,2,1,13,36.13,4,0,0,-3.72,0
17.34,4,1,17,-765.71,0,0,0,19.03,0
6.16,1,1,22,-4.04,0,2,0,-20.95,0
6.68,2,1,19,-309.45,0,0,0,-24.27,0
6.0,4,1,14,459.12,0,0,0,16.74,0
1.33,2,1,14,-12.84,0,0,0,18.78,0
3.25,3,1,9,-638.96,0,0,0,-20.34,1
8.34,1,1,14,-749.86,0,0,0,25.99,0
0.64,1,1,11,-10.49,0,0,0,6.49,0
1.95,3,1,19,-1210.11,1,0,0,15.73,0
1.94,1,0,18,-259.08,4,0,0,-11.88,0
3.39,2,1,16,115.52,0,0,0,22.34,0
23.58,4,1,15,-528.51,0,0,0,-4.02,0
0.42,2,0,18,496.99,0,1,0,-4.68,1
4.39,5,0,17,595.5,1,1,0,7.24,0
1.19,5,1,21,-508.35,1,0,0,-5.88,0
21.18,2,0,19,-149.02,0,0,0,-22.81,0
0.72,1,0,20,497.35,0,0,0,1.98,0
3.1,3,0,20,-0.65,1,0,1,-4.77,1
8.03,2,1,18,-697.24,0,0,0,-11.52,0
7.32,1,0,24,-71.66,0,0,1,18.61,0
3.3,3,1,17,-426.46,0,0,0,35.88,0
2.55,1,0,27,554.1,0,0,0,-13.79,1
3.04,4,0,18,302.97,1,0,1,2.96,0
1.84,1,1,17,-156.88,2,1,0,-5.98,0
1.38,1,0,25,71.07,1,0,0,34.33,0
3.96,1,1,18,-654.06,0,0,0,7.38,0
1.88,5,0,21,-376.89,1,0,0,13.9,0
2.03,3,0,16,776.64,0,0,0,17.73,0
6.42,4,1,15,26.76,0,0,0,1.95,0
20.75,2,0,15,465.04,2,0,0,-2.8,0
5.55,2,1,22,116.01,0,0,0,22.78,0
0.48,1,1,17,657.14,0,1,0,11.67,1
0.47,2,0,17,-999.42,5,0,0,-12.69,1
18.15,3,1,22,-94.11,5,0,0,-10.86,0
2.12,3,0,18,822.39,0,0,0,-5.84,0
0.58,2,1,25,478.09,0,2,0,17.39,0
5.48,5,1,18,662.69,0,0,0,22.1,0
5.86,1,0,15,-3.38,3,0,0,32.28,0
6.27,5,1,17,-268.55,0,0,1,-10.63,0
1.87,1,0,11,-513.58,5,0,0,2.1,1
0.1,2,0,17,-548.46,0,0,0,-6.0,0
20.12,2,0,18,403.53,0,0,1,-2.74,0
1.73,2,0,18,256.61,0,0,1,13.95,0
6.76,3,0,13,-33.29,0,0,0,-0.69,0
7.36,2,1,19,254.1,3,0,0,19.74,0
5.65,2,0,19,71.23,0,0,0,-7.74,1
2.25,3,1,15,481.11,0,0,0,11.12,0
1.9,3,1,22,476.34,0,1,0,-6.64,0
5.46,4,0,16,-532.94,1,0,0,-27.56,1
12.06,1,0,11,136.82,0,0,0,-15.32,0
17.59,3,0,8,-834.43,2,0,1,1.86,0
0.67,3,0,20,66.51,0,0,0,28.82,0
1.01,2,0,20,302.15,0,0,1,-6.89,0
17.37,2,0,24,-656.86,0,1,1,-2.54,0
8.0,2,1,23,-208.23,0,0,0,7.35,0
12.87,1,1,17,4.76,0,0,0,-8.99,0
1.36,1,1,21,116.96,5,0,0,-7.26,1
5.31,1,0,15,-139.3,0,0,0,1.08,0
7.25,3,1,16,-586.14,0,1,0,-6.55,0
6.84,3,1,20,-27.0,0,1,0,-26.74,1
3.15,5,1,13,-826.12,0,0,1,-9.75,0
0.1,3,0,17,-116.32,1,0,0,9.22,0
5.25,1,0,16,-220.69,1,3,0,9.69,1
1.75,4,1,12,-67.13,0,0,1,20.04,0
3.59,4,1,22,-279.66,1,2,0,18.83,1
18.96,2,1,23,-753.84,0,0,0,-13.5,0
3.06,3,1,17,-183.17,0,0,0,-11.18,0
10.99,5,1,20,465.41,0,0,0,-10.52,0
1.25,2,0,21,630.73,1,0,0,-2.28,0
6.7,4,0,11,1219.67,0,0,0,-9.35,0
22.64,1,1,20,845.83,0,0,0,-2.62,0
0.64,1,1,18,-598.47,0,0,0,-13.08,0
0.1,2,1,19,-204.22,0,1,0,11.77,1
3.41,3,1,21,-11.39,0,0,1,-14.22,1
0.58,4,1,22,-42.78,0,0,0,-14.96,0
8.28,5,1,20,34.77,2,0,0,7.8,0
14.76,2,1,21,1203.8,0,0,0,10.83,0
3.42,1,0,20,-541.03,0,0,1,-3.38,0
1.8,4,0,12,-356.77,1,0,0,13.03,0
3.42,3,0,14,821.91,1,0,0,11.95,0
7.71,1,1,16,-307.99,0,0,0,28.49,0
0.1,2,0,22,196.79,0,0,0,10.99,0
5.34,3,0,17,517.33,1,0,0,25.61,0
5.7,3,1,22,243.25,0,0,0,0.93,0
6.09,2,1,20,95.88,0,0,0,20.99,0
1.66,2,1,17,469.31,0,0,0,21.31,0
7.51,5,1,10,-446.53,5,0,0,-2.14,0
0.58,3,1,16,-248.18,0,0,1,-10.33,1
1.33,2,0,13,267.82,0,1,0,-7.69,1
12.6,2,1,20,-1034.72,0,0,0,6.23,0
8.05,3,1,20,708.29,2,0,0,-17.25,0
0.1,1,1,19,151.7,0,0,0,-6.81,0
1.71,1,0,12,76.52,1,0,0,17.96,0
1.45,2,1,16,-815.26,1,2,0,10.0,0
1.89,2,0,15,-643.3,0,0,0,-35.29,0
1.71,3,1,16,-199.29,2,0,0,-19.99,0
0.39,1,1,20,403.71,0,0,0,32.38,0
3.69,3,0,16,-1038.31,3,0,0,17.69,0
7.92,2,1,16,394.18,1,0,0,-8.74,0
5.6,1,1,20,-180.02,3,1,0,-22.33,1
6.7,1,1,15,-111.71,1,0,0,-18.74,0
0.51,5,0,14,126.8,2,0,0,7.64,0
18.16,4,0,10,134.66,0,0,1,29.65,0
10.94,1,1,16,-356.21,0,1,0,28.7,0
9.81,3,0,19,312.46,0,0,0,-23.64,0
10.39,3,1,8,-1159.7,0,1,0,-4.44,1
16.19,5,0,22,-225.21,1,0,1,-12.86,0
4.71,2,1,14,76.84,0,3,0,2.05,1
1.34,3,0,18,-172.47,0,1,0,-19.97,1
5.75,1,0,22,-913.46,1,0,0,-8.19,0
8.15,2,0,21,379.01,2,0,0,-13.01,0
8.03,5,1,25,-624.19,1,0,1,7.85,0
4.42,2,0,12,-33.76,1,0,0,-7.72,1
0.43,2,1,15,76.52,0,0,0,-5.57,0
2.78,1,0,17,9.91,2,0,0,7.66,0
15.21,3,1,12,584.51,0,0,0,24.64,0
5.27,3,1,16,-26.63,5,0,0,31.74,0
4.64,2,1,21,213.73,0,0,0,6.84,0
1.88,5,1,18,-27.95,1,2,0,-1.33,1
2.76,1,0,15,306.48,0,0,0,19.74,0
13.54,2,0,21,696.75,0,0,0,17.51,0
6.59,5,0,17,68.77,1,0,0,13.23,0
9.29,2,0,15,390.93,2,0,0,-23.69,0
3.63,2,0,13,727.66,2,0,0,18.12,0
5.97,2,1,22,678.59,0,0,0,5.37,0
1.71,4,1,14,-192.64,0,0,0,-13.41,0
7.33,1,1,21,518.22,0,0,0,-10.08,0
3.35,5,1,15,124.39,0,0,0,8.73,0
3.51,3,1,16,558.61,0,0,0,-37.67,0
6.29,1,1,21,284.32,1,0,0,-1.88,0
16.52,3,1,14,137.83,0,0,0,-9.83,0
0.4,2,1,13,216.99,1,0,0,-11.35,0
10.45,2,0,22,127.62,0,0,0,-6.86,1
2.08,3,1,30,147.17,0,0,1,-22.19,0
3.52,5,1,18,-79.42,0,0,0,15.79,0
0.13,1,0,18,-125.86,1,0,1,-31.92,0
2.15,2,1,17,881.59,1,0,1,2.54,0
4.19,2,1,21,238.76,0,0,0,-12.71,0
0.35,2,1,19,-286.65,0,0,1,29.75,1
4.05,2,1,13,-138.71,0,0,0,0.34,0
15.71,1,1,25,528.13,1,1,0,-31.85,0
0.67,3,1,14,-368.09,1,0,1,8.2,0
8.67,2,0,18,-741.01,0,1,0,-16.39,1
3.16,1,0,16,-704.22,0,0,0,14.77,0
6.39,4,1,10,-864.49,0,0,0,9.27,0
1.81,4,1,19,-649.41,0,1,0,22.09,0
1.04,2,1,24,-590.43,0,0,0,2.81,0
1.05,2,0,20,692.62,0,3,0,12.29,1
0.44,3,1,17,-23.09,0,1,1,0.64,0
1.23,2,0,18,-181.63,0,2,0,-8.84,0
6.55,1,0,18,-721.71,0,1,0,15.99,1
12.81,3,1,21,-71.56,0,0,0,-18.46,0
10.1,1,1,19,-868.66,0,1,0,-0.54,0
6.93,1,1,27,-184.71,1,0,0,-8.53,1
0.7,1,1,19,1032.25,0,0,0,12.63,0
2.05,1,1,16,331.9,0,0,0,-14.2,0
2.22,1,1,23,-104.9,1,0,0,-6.13,0
1.73,5,1,21,349.06,2,0,0,0.66,1
4.34,2,1,17,-260.77,0,0,1,22.32,0
4.6,1,0,14,-400.34,0,0,0,-7.99,1
2.65,1,1,17,852.06,2,0,0,-6.01,0
2.62,5,0,17,-571.14,3,0,1,-20.22,0
10.58,2,0,20,-177.06,0,0,0,-14.74,0
9.34,2,0,21,153.02,0,0,0,6.19,0
2.21,4,0,17,-468.12,1,0,0,0.48,0
14.71,2,1,21,325.3,0,0,0,0.72,0
18.32,2,1,12,-153.3,2,0,0,26.12,0
2.37,1,0,27,331.96,0,0,0,-25.08,0
2.63,2,0,18,292.99,2,0,0,34.77,0
4.23,2,0,21,-121.51,0,0,0,17.67,0
16.99,3,0,22,855.33,0,0,0,-4.89,0
12.54,2,1,13,-332.67,4,0,1,5.87,0
0.65,3,1,11,674.44,0,0,1,-10.24,1
2.99,1,1,23,587.47,0,0,0,4.79,0
4.84,1,1,12,885.44,2,0,0,32.25,0
4.2,2,1,17,87.03,0,0,0,-9.69,0
1.29,5,0,15,-394.29,0,3,0,-3.48,0
11.75,2,0,18,1038.4,0,0,0,-11.35,0
6.78,3,1,24,-167.35,0,0,0,-8.94,0
10.92,2,0,14,-406.77,1,0,1,-6.04,0
11.74,1,0,22,-94.89,2,0,0,-16.42,0
8.28,1,0,18,-490.85,0,0,0,-3.95,1
3.47,2,1,18,263.07,0,0,0,0.81,0
5.66,1,0,16,-302.83,0,0,0,-6.05,0
1.05,1,0,26,-143.74,2,0,0,-34.49,1
6.72,3,1,22,483.89,1,0,1,-2.31,0
1.19,1,1,13,311.85,2,0,0,-0.71,0
7.1,3,0,22,7.79,4,0,1,28.46,0
1.57,2,1,21,85.44,0,0,0,0.4,0
0.75,2,1,23,6.13,0,1,0,14.03,0
1.08,3,1,20,-215.58,0,0,1,-6.39,0
0.1,2,0,21,-1.26,0,0,0,19.47,0
7.61,2,0,19,245.42,0,0,0,-14.17,0
7.91,3,1,13,-63.08,2,0,1,7.57,0
4.34,4,1,23,209.88,0,0,0,12.61,0
1.06,1,0,10,-418.33,0,0,0,10.4,0
0.52,1,0,21,-301.95,0,3,0,32.46,1
0.12,4,0,15,-367.16,1,0,0,-8.77,1
1.09,2,1,17,-282.57,0,3,0,21.21,0
13.29,3,1,16,643.59,0,0,0,17.33,0
1.66,2,1,19,363.02,0,0,0,0.74,0
2.62,1,0,20,-538.46,2,1,0,27.59,0
0.67,3,1,26,218.75,0,0,0,-2.2,0
1.51,2,1,21,-195.29,3,0,0,0.33,0
4.39,1,1,18,-341.19,0,0,0,-0.08,0
5.62,2,1,13,-742.87,4,2,0,-19.1,1
1.69,3,0,19,485.96,2,0,0,11.42,0
0.36,3,1,18,-681.93,0,0,0,9.08,0
2.98,1,0,20,-25.98,0,0,1,-1.57,1
1.6,2,0,17,-473.16,0,0,0,26.44,0
1.49,3,1,11,387.92,1,0,0,-6.56,0
19.29,3,0,17,-167.18,0,1,0,-25.95,0
5.75,3,0,13,-67.23,0,0,0,28.53,0
4.88,1,0,19,-50.37,0,0,0,15.17,0
3.22,3,1,18,151.29,1,0,1,9.39,0
3.36,3,1,22,6.5,0,0,0,-5.09,0
4.67,1,1,17,-21.64,0,0,0,5.13,0
7.15,2,0,17,-259.2,0,0,0,-18.91,0
7.27,2,0,20,-787.36,0,0,1,-3.38,0
1.13,3,0,13,-559.28,0,0,0,-13.56,0
4.16,1,1,25,359.24,1,3,0,3.93,0
3.19,3,1,30,-152.91,0,0,1,13.85,0
12.27,4,0,25,-332.0,0,0,0,-15.71,0
5.99,3,1,15,-702.86,0,1,0,10.87,0
4.56,5,0,12,-859.82,5,0,0,3.0,1
0.74,5,1,33,-351.6,0,0,1,10.26,0
5.58,1,1,17,444.03,4,0,0,-3.63,1
0.75,3,1,21,-278.54,0,0,0,10.56,0
2.47,2,1,14,200.24,0,0,0,-10.44,0
0.92,4,1,19,-301.53,1,0,0,-25.23,0
7.07,2,1,18,319.43,0,0,0,-21.81,0
1.39,5,1,19,-175.88,1,0,0,-7.54,0
2.98,3,1,12,-615.94,2,0,0,-24.19,1
13.56,3,1,14,-134.48,0,0,0,23.26,0
1.37,1,0,19,917.0,1,0,0,-1.24,0
4.25,1,1,15,894.94,0,1,0,13.79,0
3.26,3,0,30,243.27,2,0,0,11.81,0
0.11,1,0,24,-68.53,0,0,0,0.1,0
9.44,4,0,12,151.95,0,0,1,53.05,0
0.43,1,0,27,158.43,0,0,0,43.91,0
3.86,3,1,23,-19.94,3,0,0,20.88,0
4.94,2,0,19,220.47,0,0,0,-13.58,0
5.94,3,0,25,104.11,0,0,0,21.49,0
7.0,3,0,20,-157.99,0,1,0,-26.23,0
1.75,2,1,15,-597.63,1,0,0,20.95,0
0.1,1,1,11,-230.03,0,0,1,-38.34,1
7.71,1,1,16,399.76,0,0,1,-4.78,0
4.6,3,0,20,-15.73,0,0,0,18.14,0
10.85,2,0,18,150.14,0,3,0,5.78,0
10.34,3,1,11,-141.51,0,1,0,-22.18,0
11.12,2,1,20,-529.8,0,0,0,2.55,1
3.98,2,0,19,-119.31,0,0,0,5.78,0
2.44,2,1,19,-511.23,0,0,0,3.07,0
9.41,1,0,13,-543.14,0,0,1,-6.11,1
3.6,2,0,12,602.82,0,0,0,12.83,0
1.22,5,1,22,-210.04,1,0,0,17.17,0
11.59,4,0,20,-370.74,0,1,0,-2.31,0
12.85,2,1,17,808.98,0,1,0,22.79,0
3.77,3,0,21,407.49,0,2,0,-2.34,0
0.47,4,0,17,-185.75,0,0,0,-7.35,0
2.94,2,0,18,213.82,2,0,0,20.35,0
9.76,1,1,9,-117.89,0,0,1,19.81,0
13.92,1,1,24,-346.34,0,0,0,-9.3,0
1.36,2,1,22,237.35,2,0,0,-11.48,1
0.42,5,1,16,-162.15,1,0,0,26.47,0
12.59,3,1,16,37.75,1,0,0,-1.54,0
2.96,1,1,16,510.68,1,0,0,0.05,0
4.68,1,1,17,455.61,0,0,1,-3.78,0
20.66,3,1,21,-275.05,3,0,0,19.82,0
0.41,4,1,22,243.02,2,0,0,32.16,0
6.27,3,0,14,-563.93,0,0,0,1.05,0
0.46,3,0,13,225.21,1,3,0,36.27,0
2.82,1,1,13,74.25,0,0,0,-8.32,0
9.77,4,1,11,189.49,1,0,0,-4.24,0
3.41,3,1,19,-148.72,0,0,0,10.1,0
35.23,2,1,23,1042.04,0,0,1,-12.25,0
4.91,3,1,25,-450.65,0,0,0,9.9,0
2.32,1,0,25,485.78,0,2,0,-7.78,1
1.49,1,0,18,-515.85,0,0,0,-23.16,1
2.59,1,0,22,252.17,0,0,0,-26.14,0
2.8,1,1,22,287.89,1,0,0,-4.86,0
0.43,2,0,17,27.49,2,0,0,6.26,0
2.77,2,0,18,-247.66,0,0,0,-20.42,0
3.74,2,1,17,70.57,2,0,0,2.68,0
7.7,2,1,18,133.51,0,0,0,2.72,0
6.42,2,1,18,894.97,2,0,0,-2.51,0
7.4,1,1,20,-436.17,0,3,1,-13.89,1
0.1,3,0,16,-277.96,2,0,0,3.6,0
1.47,2,1,13,142.37,1,0,0,-2.14,1
6.5,2,1,19,-128.03,0,0,0,14.73,0
3.97,4,1,18,-50.02,0,0,0,-19.39,0
0.1,3,1,17,535.18,4,0,0,1.71,0
9.79,4,0,17,-1410.13,1,0,0,-19.08,1
8.89,2,0,9,-298.97,0,0,0,-3.56,1
4.77,1,0,12,-871.18,0,1,1,-16.43,1
0.41,3,1,24,-597.91,1,0,0,-13.76,0
8.73,1,0,21,1202.31,5,0,0,-0.06,1
5.26,2,1,17,299.08,0,1,1,-8.48,0
9.14,1,0,12,475.78,2,0,0,22.0,0
8.36,4,1,10,-40.26,0,0,0,17.69,0
9.75,1,1,23,379.36,3,0,0,12.07,0
4.38,4,1,18,-883.28,1,0,0,11.77,0
0.91,4,1,22,519.15,0,0,0,1.95,0
6.67,2,0,21,-409.92,0,0,1,19.57,1
5.81,3,1,14,-265.66,0,0,1,-4.41,0
8.13,3,1,22,252.58,0,0,1,31.79,0
1.12,4,1,8,158.22,2,0,0,-14.13,1
1.3,2,0,14,42.31,1,0,1,-16.93,0
13.27,3,1,21,-681.55,0,1,0,-20.92,0
8.32,2,0,24,49.91,3,0,0,-18.31,1
14.33,5,0,17,480.28,0,0,0,-24.44,0
8.53,2,1,24,-266.24,2,0,0,3.21,0
5.46,2,1,16,657.47,2,0,0,12.81,0
6.37,3,1,15,-436.35,2,0,0,0.51,0
13.2,4,0,17,3.27,0,0,0,-20.78,0
5.19,3,1,15,767.66,0,0,1,-7.05,0
6.0,1,1,17,-340.7,0,0,0,12.62,1
1.02,2,0,21,526.99,0,0,0,-5.13,0
3.85,5,0,21,987.33,0,0,1,-11.98,0
7.56,3,1,25,85.52,2,1,0,-22.71,0
1.9,4,1,21,-263.51,0,0,1,-6.34,1
1.36,1,1,22,-386.37,0,2,0,-10.54,1
2.26,2,1,21,652.3,0,0,0,-1.3,0
1.66,3,1,10,638.35,0,0,0,7.15,0
1.45,4,0,19,724.65,1,1,0,-4.24,0
3.32,1,1,8,-16.42,0,0,0,2.77,0
14.31,4,0,18,518.9,0,0,0,7.08,0
4.24,2,0,13,-24.42,0,0,0,-18.45,0
1.25,1,1,19,-441.53,0,1,0,28.29,0
0.48,2,0,19,562.09,0,0,0,-11.12,1
7.15,2,1,18,816.94,2,0,0,7.75,0
2.9,2,0,26,-510.3,2,1,1,-17.04,1
10.35,1,0,11,-519.72,0,0,0,1.65,0
6.46,1,1,19,19.99,0,0,1,2.2,1
9.54,4,1,16,478.06,3,0,0,24.89,0
1.9,1,1,12,-566.91,0,0,0,-3.49,0
7.07,1,1,24,113.51,0,1,0,19.49,0
1.84,2,1,23,-295.21,0,0,1,4.36,0
16.79,2,1,16,350.41,1,0,0,27.78,0
6.07,3,0,14,-398.94,3,0,0,-26.7,0
2.35,2,1,18,385.9,0,0,0,7.23,0
1.88,3,0,17,-79.11,0,0,0,-40.09,0
1.27,3,0,16,-468.57,1,0,0,-0.87,0
7.12,1,1,16,31.84,4,0,0,15.31,0
1.48,1,0,30,-968.99,2,0,1,21.68,0
5.43,2,1,20,-279.55,1,0,0,11.08,0
1.84,2,1,15,168.7,2,0,0,-4.36,0
6.51,3,0,26,-885.88,0,0,1,8.18,0
10.12,3,1,15,-1285.57,0,0,0,37.75,0
9.03,2,0,20,-1169.68,0,0,1,1.13,0
8.58,1,0,21,663.56,0,0,0,14.42,0
1.25,1,0,19,-38.38,0,0,0,-6.44,0
0.56,3,0,18,-266.23,2,0,0,16.06,0
7.2,2,0,24,472.58,0,0,1,13.59,0
2.76,2,1,18,-202.22,1,0,1,-9.16,0
3.4,1,1,16,134.23,0,0,1,11.66,0
0.19,3,0,18,12.88,1,0,0,12.37,1
1.8,4,1,14,-235.5,0,0,1,11.1,0
0.21,2,1,18,147.07,1,0,1,-0.62,0
12.68,2,1,15,386.63,0,0,0,18.44,1
1.67,5,0,13,-92.45,0,0,0,-14.02,0
4.89,2,1,28,-230.28,0,0,1,0.15,0
0.24,3,0,21,-171.26,0,0,0,1.67,0
6.59,1,1,20,-1148.96,0,0,0,17.57,0
2.34,3,1,17,141.53,0,0,1,-14.5,0
13.69,1,1,14,-604.56,0,0,0,3.62,1
13.14,5,1,17,314.86,1,0,1,-7.38,0
2.36,3,0,16,-45.21,1,3,0,1.64,1
13.87,3,1,16,52.56,2,0,0,5.88,0
33.37,3,1,17,350.16,0,0,0,-19.18,0
10.47,3,1,18,-463.26,0,0,0,18.96,0
11.18,2,1,17,184.62,1,0,0,6.42,0
1.72,4,1,27,133.81,0,0,0,-12.88,0
5.16,5,1,14,-92.39,0,0,0,-5.12,0
0.42,2,0,13,-464.09,1,0,0,22.41,0
0.6,5,0,21,297.62,0,0,1,6.24,0
40.0,3,1,18,351.73,0,0,0,-14.47,0
2.37,2,1,24,56.8,1,0,0,-11.75,1
8.27,2,1,17,-535.15,1,0,0,9.37,0
9.86,1,1,18,-263.72,1,0,0,11.17,0
11.71,1,0,14,-30.17,0,0,0,5.44,1
36.26,1,0,22,344.25,2,0,0,-4.37,0
1.66,2,1,17,-791.74,1,0,1,12.15,0
0.25,2,0,19,-281.9,2,0,0,-4.68,0
3.18,2,1,18,-201.34,1,0,1,-12.82,1
0.84,5,1,18,-41.61,0,0,1,23.8,0
0.14,2,1,18,-650.66,0,0,0,7.33,0
2.68,2,1,15,-108.77,1,0,0,-11.77,1
9.19,1,0,24,-155.24,1,0,1,2.01,0
5.01,1,1,19,-518.8,0,0,1,0.41,0
2.25,3,1,14,-58.98,1,0,0,-5.25,0
6.37,3,0,9,-270.58,0,0,0,3.5,0
1.58,3,0,16,247.79,0,0,0,-13.93,1
0.1,1,0,21,-442.66,0,0,0,13.1,1
8.67,3,0,24,44.92,0,1,1,-0.09,0
5.86,2,1,23,-404.19,0,0,1,-24.14,0
8.62,1,0,27,-299.88,1,0,0,-3.42,0
0.24,1,0,11,148.65,0,0,0,-9.24,0
10.89,1,0,18,117.36,0,0,1,-44.86,0
5.8,2,0,22,-208.51,5,1,0,-2.34,0
4.97,1,1,15,-134.71,0,1,0,15.55,0
5.88,5,0,20,-726.8,1,0,0,-1.62,0
11.99,2,1,15,701.38,3,0,0,10.62,0
5.3,1,1,16,343.73,0,0,0,0.13,0
5.22,1,1,17,325.72,1,0,0,-6.85,1
28.05,3,0,16,-797.52,4,1,0,-10.97,0
8.48,1,1,24,-297.74,2,0,1,-19.24,0
3.5,4,1,16,-167.27,0,0,1,13.89,0
7.37,5,1,21,-965.53,0,0,0,10.96,0
2.96,1,0,17,444.98,0,0,0,-4.17,0
1.56,2,1,18,726.94,2,0,0,-30.36,1
5.45,1,0,15,1030.97,2,0,0,7.08,0
15.8,3,0,13,-522.94,2,0,0,-13.57,0
15.88,2,1,26,58.66,0,0,0,2.16,0
2.51,2,1,23,661.41,0,0,1,-23.12,0
4.5,1,0,24,-126.81,0,1,1,1.38,0
1.43,3,0,10,-283.49,0,0,1,-1.97,1
32.6,2,0,15,-933.01,1,0,0,-36.15,1
23.82,1,1,15,566.31,0,0,0,24.27,0
6.29,3,0,14,-9.63,0,0,0,-4.89,0
9.79,3,1,14,-364.67,2,0,0,-3.89,0
7.53,4,0,23,141.93,0,1,0,8.02,1
5.4,1,0,24,76.5,3,0,0,-0.76,0
0.33,3,1,14,84.13,0,0,0,5.46,0
3.64,3,0,19,-108.55,3,0,0,-17.17,0
6.74,1,0,20,811.18,0,0,1,-2.13,0
6.79,3,0,21,-66.83,0,1,0,-28.64,1
2.8,2,1,17,809.66,1,0,0,-3.56,0
17.05,5,1,20,282.06,2,0,0,21.68,0
1.1,1,0,20,175.59,0,0,0,-22.59,0
4.16,3,1,13,-56.64,1,0,0,-5.26,0
7.04,2,1,13,486.98,4,0,0,-31.86,0
7.17,5,0,17,56.5,0,1,0,0.12,0
6.28,2,1,14,-466.07,1,0,0,6.99,0
1.93,5,0,16,-482.75,0,2,0,5.75,1
1.02,4,1,22,211.24,0,0,0,-9.03,0
6.06,2,1,15,-453.69,0,0,0,-32.16,1
5.49,4,0,15,-31.12,0,0,1,-18.62,0
1.19,5,0,16,528.59,0,0,0,18.85,0
7.33,2,0,19,151.99,0,0,0,13.18,0
3.64,2,1,15,-361.07,0,0,0,-1.37,0
6.61,2,0,17,704.99,0,0,0,2.43,0
10.9,2,1,18,273.94,0,0,1,-15.41,0
1.12,1,1,16,508.9,0,0,0,19.36,0
0.12,1,1,20,-1133.78,0,0,1,-10.79,0
9.06,2,0,16,165.43,3,0,0,6.56,0
5.64,2,1,22,421.08,0,0,0,-19.92,0
7.22,1,1,17,850.14,0,0,0,-2.67,0
10.93,4,1,17,-731.91,0,0,0,18.73,0
9.74,3,1,15,603.06,1,1,0,-14.2,0
19.45,1,1,15,822.19,0,1,0,11.24,0
4.61,3,0,23,-1008.64,0,0,1,-16.21,0
4.02,3,1,24,239.3,1,1,0,-13.53,0
3.08,5,0,16,308.81,0,0,0,-0.13,0
1.0,1,0,15,-163.5,0,0,0,14.57,0
5.1,1,1,23,-245.05,3,0,0,-4.47,0
1.95,5,0,19,333.93,0,0,0,9.28,0
15.25,5,1,13,-307.49,0,0,1,17.16,0
5.25,3,0,20,-108.62,0,0,0,-11.57,0
5.39,3,0,22,406.22,0,0,1,-22.88,0
2.63,1,1,12,877.02,0,0,1,-5.33,0
0.32,2,0,11,268.99,0,0,0,19.1,0
0.19,1,1,16,66.74,0,0,0,-12.19,1
3.3,1,1,22,-258.2,0,0,1,15.22,1
0.53,4,0,21,-505.3,3,0,0,-3.94,1
5.6,1,1,16,554.79,1,3,0,26.34,1
12.77,2,1,20,-76.72,0,0,1,33.68,0
12.87,5,1,19,575.35,0,0,0,15.47,0
6.46,1,0,16,-164.78,0,0,0,-24.7,1
1.42,5,1,16,-324.64,0,1,0,-36.05,0
11.93,5,0,19,210.4,4,0,1,0.92,0
13.03,3,1,22,-38.27,5,0,0,13.6,1
1.31,1,1,20,-602.76,0,1,0,7.52,0
8.02,2,0,14,908.68,0,0,0,-10.85,0
2.03,2,1,19,-313.49,2,0,1,-22.29,1
9.74,2,0,12,463.8,1,0,0,13.95,0
35.35,2,1,15,420.93,0,0,0,27.88,0
0.18,5,1,18,-629.73,0,0,0,-10.05,0
13.66,1,1,19,-501.19,0,1,0,12.38,0
5.85,3,0,12,-150.75,2,0,0,39.04,0
21.76,1,0,15,-432.82,0,0,1,-2.85,0
3.75,3,0,18,863.23,1,0,0,-2.54,0
11.28,4,1,14,-100.09,0,0,1,8.4,0
0.39,2,0,21,444.87,3,0,0,-4.27,1
2.45,1,1,17,256.82,0,0,0,20.09,0
0.42,3,0,18,132.01,0,0,0,-6.06,0
22.22,3,0,15,20.16,0,0,0,-0.47,0
10.19,3,0,11,618.57,0,3,0,-21.64,0
11.49,2,1,19,-412.55,0,1,0,-3.53,0
16.68,2,1,15,863.17,0,0,1,-15.11,0
0.53,5,1,16,-643.61,0,0,0,5.19,0
2.92,5,0,19,390.76,0,0,1,-24.96,0
0.44,2,1,18,-702.58,0,0,1,14.7,0
1.42,4,1,18,-157.85,0,0,0,-13.07,1
1.56,2,1,19,46.65,0,0,1,26.76,1
3.8,2,1,20,-243.35,0,0,0,20.56,0
1.88,1,1,19,-90.83,0,0,0,8.03,0
0.64,2,0,17,-693.49,0,0,1,-23.07,0
1.1,2,0,24,-493.73,0,0,0,-9.42,0
0.96,1,0,14,249.13,0,0,0,-13.44,1
21.69,2,0,20,14.84,0,0,0,-11.57,0
8.55,3,1,15,-345.26,1,1,0,23.65,0
20.61,3,1,15,662.14,0,0,0,-2.29,0
3.48,3,1,19,-609.97,0,1,0,-9.87,0
1.96,4,0,10,-180.8,1,0,0,-11.22,0
9.61,1,1,21,-252.83,0,0,1,-7.98,0
2.37,3,1,14,307.52,0,0,1,7.99,0
2.13,3,1,15,24.08,0,0,0,-24.41,0
1.59,2,1,16,-54.08,1,0,0,1.47,0
0.83,2,1,14,-922.11,1,2,0,6.35,1
1.78,1,1,17,432.52,1,0,1,-26.03,1
2.63,4,0,14,-108.91,2,0,0,-21.26,0
6.73,2,0,20,57.83,1,0,0,-0.72,0
0.39,4,1,19,-374.28,2,0,1,21.61,1
1.42,3,1,16,-452.91,0,2,0,18.04,1
9.93,3,0,17,749.64,0,0,0,-9.13,0
0.95,4,1,24,-886.62,3,0,0,21.14,0
2.52,3,0,15,-527.1,2,0,1,-4.79,1
12.0,2,1,16,740.25,0,0,0,-4.92,0
1.01,2,0,24,320.37,0,0,0,1.41,0
0.52,4,0,17,-162.73,2,0,1,12.59,0
3.98,2,0,28,623.3,0,0,1,-9.13,0
2.16,2,0,28,223.43,0,0,0,-5.97,0
4.97,1,1,13,116.33,0,0,0,-18.72,0
9.77,4,1,10,112.78,0,1,0,5.27,0
0.89,1,1,17,232.62,0,0,0,14.0,0
5.21,3,0,16,252.85,1,1,0,14.92,0
4.23,2,1,14,1097.99,0,0,0,-20.5,0
0.93,2,0,17,-97.45,3,0,0,-5.74,0
5.87,3,1,13,-82.02,3,0,0,18.68,0
1.92,1,1,18,-618.45,1,3,0,3.48,1
4.01,3,0,18,-25.95,5,0,0,0.51,0
0.52,3,1,20,931.44,0,0,1,0.16,0
3.69,4,1,21,492.24,0,0,0,8.12,0
2.2,1,1,20,-271.83,2,0,0,4.29,0
10.37,4,1,11,15.02,0,0,0,-8.63,0
0.35,3,0,12,-648.22,0,0,0,13.22,0
3.25,4,0,27,-484.56,0,0,0,-18.04,0
3.68,2,1,30,74.72,1,2,0,19.83,1
7.75,2,1,18,-247.23,1,0,0,-13.44,0
5.12,4,1,20,-522.3,1,0,0,8.22,0
6.6,4,1,13,244.92,1,0,0,-2.47,0
9.0,2,0,21,-41.13,1,0,0,-7.15,0
11.89,2,0,23,-783.78,0,1,0,20.36,0
2.26,2,1,15,-1037.57,0,2,0,11.14,0
4.63,2,1,14,-285.01,1,0,0,-0.88,0
11.0,2,0,15,-794.13,0,1,0,26.18,1
27.31,2,1,18,-934.46,5,0,0,14.7,0
13.22,4,1,15,564.48,1,0,0,-12.08,0
2.79,1,0,19,-48.86,1,0,0,-33.91,1
1.3,3,1,16,-132.72,4,0,0,1.6,1
4.03,1,1,22,-94.2,0,0,0,20.75,0
8.12,2,0,21,-568.92,0,0,1,9.16,0
4.07,1,0,15,205.49,0,0,0,23.61,0
3.96,2,1,14,-65.35,0,0,1,-8.97,0
10.93,3,1,27,-378.7,0,0,1,-1.76,0
2.69,4,1,15,-303.81,0,0,0,-1.39,0
11.79,1,0,20,-613.73,1,0,0,3.62,0
3.13,2,1,13,-203.12,0,0,0,11.51,1
2.39,2,1,17,-119.81,0,0,0,24.49,0
3.63,4,0,12,-216.14,0,3,0,27.64,0
8.62,3,1,19,27.58,0,1,0,25.0,0
0.81,2,1,22,-39.26,0,0,0,10.04,0
1.31,3,1,19,115.38,0,0,0,-5.13,0
18.15,4,1,17,471.55,1,0,1,3.39,0
1.16,1,1,13,296.51,0,0,0,9.83,1
5.03,2,0,21,477.29,0,0,1,2.03,0
5.2,4,0,12,-423.87,0,0,0,-13.71,0
4.04,3,1,19,-254.31,0,0,0,-6.94,0
6.21,2,1,13,326.8,1,0,1,13.02,0
1.57,2,0,21,335.74,4,0,0,-3.7,1
4.83,2,1,19,-339.31,1,1,0,0.36,0
2.79,2,1,26,305.79,0,3,0,-1.18,0
6.5,3,0,22,-471.77,0,1,1,-13.38,0
0.91,2,1,18,240.53,0,3,1,-2.57,0
5.08,3,1,24,-13.15,0,0,0,-6.87,0
1.23,4,1,18,-692.22,0,0,0,-10.38,0
1.96,1,1,16,-217.04,1,0,0,-15.87,0
1.48,2,1,19,1091.13,0,1,1,-1.51,0
1.21,2,1,23,101.39,0,0,0,9.27,1
10.48,3,1,16,1150.22,0,0,1,16.81,0
2.02,1,0,17,-721.96,1,0,0,-20.91,1
15.71,3,1,23,375.37,0,0,1,24.1,0
21.02,4,1,19,-1267.17,0,0,0,4.39,0
5.08,2,0,17,-0.12,0,3,0,-16.91,1
0.93,4,0,29,315.61,0,1,0,-6.06,0
2.82,5,1,20,418.95,0,0,0,-28.16,0
9.59,1,1,22,-399.63,0,0,0,-24.33,1
2.75,1,1,18,519.55,0,0,1,25.82,0
0.55,5,0,12,-266.86,0,3,1,-10.49,1
4.88,5,1,10,-82.05,0,1,0,8.05,0
11.19,1,1,19,-216.66,1,0,0,-1.67,0
9.54,1,1,21,-568.19,0,0,0,0.27,0
1.16,1,1,24,784.86,0,0,0,5.52,0
6.7,5,1,19,24.01,0,0,0,-31.26,0
1.49,1,1,15,543.66,1,1,0,19.78,0
1.48,2,0,18,522.36,0,0,0,-1.48,1
12.43,4,0,20,-483.97,0,0,0,-7.56,0
1.72,1,1,15,608.06,1,0,0,7.02,0
1.83,3,1,14,251.71,0,0,0,-10.82,0
0.1,2,1,13,-520.45,0,0,0,3.12,0
12.27,4,1,17,224.43,0,0,0,-2.48,0
9.44,2,0,22,-511.48,0,1,0,10.67,0
5.92,3,0,17,803.23,5,0,1,-3.21,0
8.32,3,1,17,406.89,0,0,0,-15.45,0
0.99,1,1,16,-35.57,0,0,1,5.44,0
3.68,1,1,18,632.4,4,0,0,-4.06,0
2.6,2,0,16,-790.99,1,0,0,-27.31,1
0.59,2,0,16,-374.67,0,0,0,2.96,0
3.99,4,0,22,-126.21,1,1,1,-8.06,0
15.21,4,0,20,1117.84,1,1,1,5.19,0
0.25,2,1,27,-535.24,1,0,0,-12.83,0
2.07,3,0,19,-853.65,0,0,0,-18.1,1
1.4,3,0,17,-722.19,0,0,0,17.7,0
1.63,4,1,25,453.11,0,2,1,12.65,1
14.34,2,1,13,-297.1,0,0,0,-0.1,0
3.79,2,0,21,-79.54,0,0,1,6.57,0
3.77,2,0,18,381.42,0,0,0,12.16,0
8.58,2,0,17,-79.04,0,0,0,-0.15,0
1.01,2,0,17,102.07,0,0,0,-18.13,0
4.01,2,0,15,267.61,0,0,0,4.49,0
3.37,1,0,10,-215.34,0,0,0,15.03,0
5.45,3,1,19,-83.16,2,0,1,8.9,0
40.0,1,0,17,120.98,1,0,1,0.89,0
8.8,1,1,16,434.09,4,0,0,8.48,0
3.04,2,1,16,-396.18,0,2,0,-3.35,0
10.55,1,1,22,-1510.29,1,0,0,15.66,0
1.12,3,0,19,339.79,2,1,0,20.21,0
0.19,2,0,15,463.86,2,0,1,-19.44,0
1.37,2,0,19,100.02,1,0,0,16.74,0
2.5,2,1,20,134.15,0,0,0,33.56,1
4.29,1,1,24,-282.15,0,0,0,7.88,0
5.73,1,1,18,250.09,2,0,0,14.76,0
14.49,4,1,11,426.58,1,0,0,-9.71,0
4.28,2,0,21,28.25,2,0,0,-7.56,1
4.17,2,1,20,1245.62,0,3,0,-3.14,0
0.31,1,0,17,-781.87,0,1,0,-6.04,1
0.21,2,0,16,81.48,0,0,0,-19.68,0
4.81,3,1,20,-587.18,2,0,0,-2.59,0
3.46,3,0,11,439.92,2,1,0,12.55,0
10.96,3,1,19,-790.74,0,2,0,-19.48,0
1.05,1,1,13,-666.96,1,0,1,2.69,0
0.15,2,0,21,-316.59,0,0,0,2.23,0
3.58,4,0,20,132.92,0,0,0,-4.52,0
1.63,5,1,16,-297.74,0,0,0,7.45,0
0.31,1,1,22,-292.72,1,0,0,6.04,0
7.74,2,1,19,-90.45,2,0,0,-5.59,0
0.71,1,1,14,-121.12,0,0,0,15.91,0
5.62,1,0,20,743.72,0,0,1,8.41,0
1.98,2,0,22,342.96,0,0,0,23.6,0
1.14,1,1,22,-162.29,0,1,0,-1.0,0
2.87,3,0,20,1048.51,5,0,0,-4.83,0
9.7,2,1,27,245.83,2,0,1,-3.13,0
2.99,1,1,20,-484.48,0,0,0,17.67,0
8.34,1,0,13,128.26,0,3,1,-2.23,0
0.8,4,0,22,267.76,0,0,0,-1.31,0
8.89,1,0,21,-343.81,0,0,1,29.41,0
1.62,3,1,19,-526.25,1,0,0,-20.17,0
6.79,2,0,23,43.23,0,1,0,5.35,0
5.01,3,1,23,-180.11,2,0,1,-0.92,0
15.88,2,0,20,739.56,0,3,0,-3.76,0
2.94,1,0,10,370.58,5,0,0,-14.3,1
0.41,1,1,23,-320.39,0,0,1,-9.96,1
0.12,1,0,26,212.97,2,0,0,-6.12,0
10.52,2,1,19,633.56,1,0,0,7.44,0
4.46,3,1,18,-696.9,0,0,0,12.79,0
8.96,2,0,21,-511.39,0,0,0,-26.68,0
1.6,1,1,20,-5.58,2,0,0,-18.02,0
2.54,2,0,15,17.8,0,0,0,8.22,0
0.18,3,1,12,-26.1,0,0,1,9.48,0
19.54,5,0,13,-155.39,2,0,1,-21.95,0
6.61,3,1,22,-163.03,0,0,0,13.11,0
16.24,2,1,15,192.13,0,2,0,-0.21,0
1.85,3,1,17,566.97,1,0,0,11.21,1
5.67,5,0,21,-240.48,0,0,1,-12.78,0
6.81,4,0,22,1219.2,0,0,1,-20.85,0
2.29,2,0,22,980.35,0,0,0,-4.63,0
11.31,1,1,18,664.63,1,0,1,-3.96,0
17.64,2,1,27,311.24,0,1,0,-4.8,0
12.97,2,1,26,1003.99,1,0,0,-5.85,0
8.06,3,0,21,-145.06,0,0,0,25.39,0
1.95,2,1,19,-416.3,2,0,0,-25.5,0
1.98,1,0,14,-262.99,0,0,0,-12.67,0
19.84,3,0,21,-501.47,5,3,0,-6.28,1
0.1,4,1,19,60.9,0,0,0,0.36,0
7.55,2,1,13,149.92,0,0,0,10.67,0
7.35,3,0,15,100.42,0,3,0,12.98,0
5.85,2,1,18,-6.22,0,2,0,16.15,1
27.7,4,1,15,66.58,0,0,1,7.22,0
2.24,4,1,12,868.16,1,0,1,-25.95,0
2.49,2,0,17,310.03,2,0,0,-24.97,0
0.49,3,0,11,461.25,0,1,0,17.21,1
3.51,4,1,22,95.39,0,0,0,16.24,0
1.82,2,1,13,-807.79,2,1,0,9.54,1
2.52,2,1,19,-906.94,0,0,0,-12.3,1
10.8,3,0,20,1041.4,0,0,0,-4.84,0
16.45,1,1,21,-265.91,0,0,0,-5.98,0
1.23,2,1,16,-308.38,0,0,0,-15.37,0
2.8,4,0,16,122.83,0,0,0,3.89,0
15.84,3,0,19,275.2,1,0,0,32.33,0
0.38,2,0,20,338.43,0,0,0,-7.43,0
0.58,1,0,16,887.21,1,0,1,19.45,0
1.07,2,1,23,750.37,0,0,0,-13.28,0
5.43,2,1,25,-405.47,0,0,0,-23.05,0
0.98,1,1,18,484.37,0,0,0,14.81,0
20.67,3,1,25,-192.05,3,1,0,-3.28,0
3.55,2,0,15,-68.75,0,0,0,19.07,0
4.18,2,0,19,-546.99,0,0,0,22.06,0
1.7,2,0,14,-846.54,0,0,0,-4.18,1
3.82,5,1,20,-15.78,0,0,1,20.15,0
6.51,2,0,20,-477.99,0,0,0,-13.14,0
8.35,1,0,28,463.91,0,1,0,-13.38,0
8.41,1,1,23,-140.54,0,0,0,16.08,0
5.17,3,0,16,154.3,4,0,0,-23.22,1
14.08,3,1,15,683.76,0,0,0,-0.02,0
10.2,2,1,18,-742.65,1,0,0,18.74,0
8.49,2,0,22,-362.31,0,0,0,19.75,0
0.34,1,0,27,90.44,0,0,0,-6.49,0
0.1,2,1,14,156.26,4,0,0,15.14,0
1.43,2,1,17,551.75,1,1,0,-16.84,0
6.54,1,0,17,433.58,0,1,1,-10.01,0
3.18,1,0,17,48.47,1,0,0,3.46,0
3.09,1,0,13,151.7,5,0,0,5.67,0
12.96,1,1,16,165.54,0,1,0,-15.72,0
13.56,3,1,11,-734.86,0,0,0,27.93,0
14.39,1,1,15,-78.19,0,3,0,-28.16,1
2.26,2,1,17,124.24,1,0,0,0.81,0
7.05,1,1,26,229.28,1,0,0,2.94,0
1.9,5,1,20,-462.18,1,0,0,-26.2,1
1.27,4,0,18,-634.4,0,0,0,19.86,0
1.22,1,1,14,-117.27,3,0,1,-11.11,0
2.51,2,0,23,983.68,0,0,0,1.48,0
3.37,1,1,19,-409.62,0,0,0,4.92,0
10.67,2,1,15,586.96,0,0,0,-21.81,0
0.77,1,1,23,792.37,4,0,0,-16.08,1
7.97,3,1,10,22.73,0,0,0,23.45,0
4.55,2,1,17,-339.92,0,0,0,-0.99,0
2.04,4,0,19,256.41,3,0,1,-40.46,0
4.07,1,0,16,97.5,3,0,0,-4.53,0
2.14,4,1,11,-429.55,0,0,1,-0.49,0
5.44,3,1,18,-329.4,3,0,0,3.29,0
3.41,1,0,17,226.79,1,2,0,-29.98,0
1.08,2,0,14,466.72,0,0,0,-0.44,0
0.74,1,1,15,-161.4,0,0,0,-12.49,0
4.75,2,0,19,-34.57,0,0,1,3.32,1
13.96,2,0,17,334.32,0,0,0,7.6,0
2.53,3,0,24,-86.24,1,0,0,6.0,0
7.92,2,0,14,-149.66,0,0,0,21.06,0
6.45,5,0,18,-377.67,2,0,1,32.86,0
16.09,1,0,18,-386.34,2,0,0,-17.0,0
10.32,5,1,19,1334.44,0,0,0,-5.73,0
5.02,1,0,18,-98.1,3,0,1,11.15,0
6.42,3,0,24,682.53,1,0,0,-1.9,0
13.72,2,0,17,842.0,0,0,0,-40.84,0
3.06,1,0,20,-91.79,1,0,0,-2.89,0
2.37,4,1,18,184.21,3,0,0,18.51,0
0.1,2,1,20,51.24,0,0,1,-20.92,0
10.51,3,1,13,-806.09,4,0,0,3.31,1
9.69,3,1,16,-775.99,0,0,1,-28.61,0
0.66,2,1,10,24.42,0,0,1,13.05,0
5.16,2,0,16,-212.46,1,0,0,3.62,1
3.74,3,1,13,945.79,1,0,0,-8.52,1
0.76,1,0,18,-118.29,1,0,1,-6.27,0
23.65,3,0,26,975.46,0,0,0,-22.49,0
1.45,4,1,17,-238.2,1,1,1,15.11,0
0.42,1,1,16,956.1,1,1,0,-11.99,0
5.42,1,0,15,253.21,0,0,1,7.5,0
8.06,3,0,13,281.65,0,0,1,-14.43,0
0.2,2,0,8,-255.88,2,0,1,32.98,0
6.45,2,0,15,288.46,0,2,0,23.39,1
4.56,1,0,16,846.36,0,0,0,31.11,0
0.65,2,0,21,-72.41,0,0,0,32.86,0
1.14,1,0,20,-169.7,1,0,0,-9.52,1
5.04,2,0,15,-123.38,0,0,0,-13.26,0
2.11,3,0,13,810.06,0,0,1,30.39,0
16.71,2,1,19,427.68,0,0,0,-2.12,0
10.25,2,0,11,723.84,0,0,0,12.5,0
24.65,5,1,17,156.81,0,0,1,-9.31,0
1.8,3,0,18,19.66,0,1,0,-9.06,1
20.98,4,1,16,211.97,0,1,1,12.45,0
3.39,2,1,18,535.08,0,0,1,-29.55,0
2.56,3,1,15,-123.56,3,0,0,11.75,0
0.31,1,1,18,684.34,0,0,0,7.87,0
0.33,1,1,23,182.92,2,0,1,-7.95,1
7.07,1,0,14,-1203.14,1,0,0,0.36,0
3.67,2,1,17,441.75,0,0,0,2.71,0
1.54,4,1,15,-636.15,0,1,1,3.56,0
5.71,2,1,15,429.59,5,0,0,10.35,0
1.75,3,0,20,450.76,0,0,0,-12.22,0
5.17,3,1,20,164.95,0,0,0,40.47,0
2.67,3,1,22,271.84,0,0,0,-3.08,0
10.41,2,1,23,549.44,0,0,0,-1.96,0
10.31,3,0,20,-247.81,1,0,1,29.17,0
3.89,2,1,21,396.71,2,0,0,-27.44,1
2.59,1,1,20,581.51,0,0,1,29.01,0
2.7,5,1,17,880.04,0,0,0,1.4,0
9.83,1,0,19,-552.89,0,0,0,-7.95,1
2.39,1,1,16,204.26,5,0,1,-16.79,1
1.41,4,0,16,-480.74,0,0,0,-19.04,0
0.53,2,1,18,-501.96,2,0,0,-5.13,0
3.77,3,1,18,179.51,0,0,0,4.17,0
3.95,2,1,18,38.73,1,0,0,9.34,0
11.03,2,1,26,572.5,0,0,0,3.99,0
1.5,2,1,20,-173.09,2,0,0,-7.65,0
2.88,2,1,28,-67.03,0,0,0,20.09,0
9.91,2,1,18,105.75,1,0,0,40.11,0
10.41,3,0,18,-430.91,0,0,1,22.42,0
2.91,2,0,23,-361.53,1,0,0,-5.39,1
3.69,5,1,18,558.05,0,2,1,7.53,0
2.17,1,0,15,-274.48,0,0,0,8.49,0
16.18,2,0,20,591.24,0,1,1,24.06,0
0.76,3,0,19,303.66,0,0,0,-5.07,0
16.29,5,1,16,-773.77,0,0,0,-14.47,0
6.91,1,0,21,265.19,0,2,0,17.01,1
4.55,3,1,14,261.24,0,1,0,6.1,0
0.2,4,1,14,211.46,0,0,1,-16.63,0
3.87,1,1,15,-70.94,0,0,0,10.58,0
3.14,4,1,13,-470.03,0,0,0,27.57,0
1.05,1,1,15,673.11,0,0,1,-10.41,0
6.41,3,1,18,-50.79,0,0,0,-13.37,0
21.27,5,0,21,-441.7,2,0,0,0.45,0
4.96,3,1,20,228.73,0,0,0,10.2,0
7.53,2,1,20,-371.39,1,0,0,-1.12,1
0.43,1,1,20,-474.54,0,0,0,17.02,0
3.24,5,1,15,-187.74,4,0,1,3.91,0
0.74,2,0,17,-332.7,0,0,0,15.17,0
5.69,1,0,16,-456.12,2,0,0,-10.81,0
16.73,3,1,15,403.21,0,0,1,-18.42,0
6.5,2,1,21,-56.91,0,0,1,-5.1,0
0.48,1,0,21,626.14,0,0,0,-20.2,0
2.63,1,1,20,-427.25,0,0,0,6.14,0
4.8,1,0,18,-863.78,0,0,0,-30.25,0
3.1,3,1,20,74.39,0,3,1,-6.79,0
10.76,3,1,18,927.99,2,0,0,-4.29,0
10.11,2,1,16,265.49,0,0,0,-15.7,0
5.68,4,1,16,1607.69,0,0,1,-4.6,0
2.81,4,1,19,166.03,1,0,0,0.06,0
1.77,3,0,18,117.78,1,0,1,19.04,0
0.67,1,0,16,-1077.68,0,1,1,-15.61,0
2.63,3,0,18,213.97,1,0,1,5.36,0
3.2,2,0,20,84.33,0,0,1,8.34,0
6.76,3,1,17,-203.71,0,0,0,-0.32,0
6.44,3,0,21,-68.39,0,0,0,-7.47,0
0.44,2,1,20,-34.05,0,0,0,-17.08,0
3.02,4,0,19,-89.96,0,0,1,28.48,0
1.2,1,1,15,1044.86,0,0,1,1.09,0
1.02,3,0,24,-185.43,0,0,0,-4.73,0
10.54,1,0,23,84.66,0,1,0,31.82,0
0.26,5,1,18,-201.95,1,0,0,3.33,0
3.26,1,1,16,391.72,0,0,0,38.15,0
1.11,1,1,22,88.38,1,1,0,-21.24,0
12.69,2,1,18,-139.96,2,0,0,-3.56,0
4.89,2,0,12,-962.98,2,0,0,-20.55,1
1.58,1,0,19,121.65,2,3,0,-1.83,1
4.19,3,1,14,-154.79,0,2,0,-1.9,0
7.89,2,1,11,-30.37,0,0,1,-6.87,0
19.04,1,0,9,-591.23,0,0,0,0.81,0
1.49,2,1,19,716.64,0,0,0,-6.14,0
13.04,4,1,21,428.37,0,0,0,-1.66,0
16.34,3,0,12,715.35,0,0,0,-11.34,0
14.89,3,0,22,573.49,4,0,1,21.64,0
6.05,3,1,14,296.16,0,0,0,-16.63,0
5.96,2,1,21,-571.14,0,0,0,3.19,0
3.1,1,0,13,921.69,0,0,0,-17.89,1
8.38,2,0,12,-463.82,1,0,0,-12.52,0
4.55,4,0,19,-134.2,0,0,0,-10.92,0
6.79,5,1,12,353.45,0,1,0,-1.98,0
3.36,2,0,22,378.27,4,0,0,2.63,1
7.89,1,0,11,286.12,1,0,0,-16.6,0
10.44,1,0,24,-200.14,1,0,0,-6.2,0
0.95,2,0,18,-303.47,3,0,0,-14.87,0
10.74,3,1,20,1267.27,0,0,1,-15.53,0
4.66,1,0,12,-19.66,1,0,1,17.0,1
11.17,5,1,20,-80.89,0,0,0,-20.88,0
3.39,2,1,19,-356.78,1,1,0,1.12,0
2.86,4,0,21,122.34,0,0,0,25.47,0
14.79,3,0,15,99.01,0,0,0,18.09,0
1.74,3,0,19,-8.11,0,0,1,6.38,0
11.16,3,1,19,190.86,0,0,0,-0.24,0
3.97,3,1,15,881.77,0,0,1,11.05,0
4.33,3,0,15,-297.53,0,1,1,5.54,0
2.21,3,1,13,21.54,0,0,0,21.34,0
5.11,3,0,12,-323.92,0,0,0,-2.01,0
2.36,5,1,14,147.35,0,0,1,15.02,0
0.24,3,0,18,-284.23,0,0,0,-4.89,0
1.9,3,1,19,-262.72,1,0,0,28.4,0
0.1,4,0,11,-729.76,0,0,0,-2.43,1
23.0,1,0,17,48.9,0,0,0,-24.28,0
20.24,1,1,16,214.88,1,0,1,1.17,0
3.02,2,0,14,930.24,0,0,0,11.47,0
7.82,2,0,16,234.75,0,0,0,24.43,0
2.55,4,0,15,-224.84,0,0,0,-14.94,0
6.67,2,0,23,-679.84,2,0,1,-26.17,0
9.82,3,1,24,-610.64,0,0,1,7.45,0
17.6,2,1,10,-647.81,0,0,0,6.99,0
3.07,1,1,18,939.02,2,0,0,-21.17,0
9.18,3,1,19,143.91,0,0,0,-4.94,0
1.85,4,1,20,-291.48,0,0,0,-4.27,0
27.83,1,0,16,-479.93,0,0,1,12.35,0
0.16,3,1,21,-428.05,5,1,1,-6.21,0
5.55,3,1,18,-304.65,1,0,1,-6.53,0
6.46,1,1,25,658.13,0,0,0,1.72,0
6.99,1,0,8,-14.97,0,0,1,-20.67,0
0.77,5,0,11,-723.73,0,2,0,28.51,0
16.74,2,1,18,1155.23,0,0,0,14.01,0
1.2,1,0,14,-570.08,0,0,1,-10.53,0
5.85,1,1,16,-295.42,0,0,0,-16.76,1
1.51,3,0,25,655.07,0,0,0,-15.6,0
2.2,3,0,20,207.57,2,0,0,8.8,0
4.74,3,1,9,-234.96,0,0,0,-15.16,0
3.24,1,0,24,-615.68,0,0,0,-3.74,1
1.05,4,0,10,-483.35,1,0,0,-25.36,0
1.12,2,1,20,-453.25,0,0,0,8.12,0
3.25,2,0,15,3.52,2,0,0,8.68,0
8.5,2,1,17,95.53,0,0,0,-2.77,0
13.69,2,1,12,-74.33,1,0,0,2.9,0
0.53,4,1,18,-19.61,3,0,0,11.94,1
3.0,5,1,22,-525.36,0,0,0,2.5,0
0.63,2,1,14,146.57,0,0,0,11.71,0
0.1,4,0,20,640.26,0,0,0,-17.52,0
6.5,3,1,18,-81.4,0,0,0,5.68,0
5.53,5,1,10,-91.14,0,0,1,2.9,0
1.07,1,1,9,41.5,0,0,0,18.03,0
1.6,3,0,16,559.1,1,0,1,0.46,0
0.14,2,0,18,-447.36,1,0,0,-1.46,0
10.81,4,0,18,725.42,2,0,0,-8.36,0
22.06,1,0,28,210.61,0,3,1,22.37,0
0.87,3,0,26,14.34,0,0,0,-35.34,0
1.58,2,0,18,606.62,2,0,0,7.67,0
12.17,2,0,10,-591.03,0,0,0,-0.31,0
15.66,3,1,21,261.02,1,0,0,-2.75,0
3.26,4,1,19,215.15,0,3,0,-4.94,1
0.31,3,0,16,-467.73,0,0,0,-0.84,0
0.24,4,1,23,230.32,0,0,0,7.18,0
5.12,2,1,14,141.65,0,0,0,-11.93,0
2.99,2,0,28,-89.37,0,0,0,2.03,0
0.17,2,0,22,431.41,0,0,0,5.26,0
5.25,1,1,16,-285.88,1,0,0,-14.31,0
0.1,3,0,21,135.16,0,1,0,7.56,1
9.29,3,0,19,-65.84,0,0,0,5.38,0
2.2,3,0,23,-307.35,0,0,0,-11.98,0
0.25,3,0,19,251.44,0,0,1,-17.82,0
5.33,3,0,19,-103.87,0,0,0,-12.18,0
3.04,1,1,16,-736.5,0,1,1,2.03,0
21.85,1,1,17,-900.53,0,0,0,-1.14,0
4.71,3,1,18,394.53,0,0,1,20.91,1
1.93,2,0,19,-610.3,0,0,0,-5.51,1
7.42,1,0,19,139.69,1,0,1,-13.34,0
1.9,2,0,11,27.48,0,0,0,9.86,0
14.08,3,1,25,-184.27,0,0,0,-14.7,0
2.82,2,0,20,978.33,3,0,0,-11.86,0
4.79,3,1,16,89.84,0,0,0,-11.67,0
0.31,3,1,18,377.82,0,1,0,-44.96,0
3.33,2,1,15,142.41,0,0,0,8.5,0
10.72,3,1,18,-115.77,0,0,0,14.1,0
9.83,3,0,25,-9.54,0,0,1,13.75,0
1.52,3,1,15,729.27,0,0,0,28.28,0
1.54,3,1,19,544.05,0,0,0,22.61,0
10.2,1,0,12,975.99,3,0,1,-5.01,0
15.99,3,1,16,110.82,0,0,0,16.64,0
0.6,2,1,12,-438.47,0,0,0,-1.46,0
3.59,5,1,19,-220.26,0,0,0,-6.39,0
2.47,4,1,13,-593.89,0,0,0,-11.33,0
12.27,3,1,18,383.52,0,0,0,-4.01,1
0.52,2,1,18,-292.96,3,0,0,4.93,1
1.42,1,0,21,-1527.66,0,0,0,23.72,0
8.38,2,1,26,1231.89,5,0,0,10.93,0
0.32,2,1,17,-285.3,0,1,0,-11.57,1
4.07,2,0,17,-288.3,0,0,0,-15.66,0
3.5,2,1,21,835.81,0,0,0,8.53,0
2.44,1,0,28,-604.13,0,0,0,13.54,0
3.01,5,1,16,568.3,0,0,0,18.41,0
4.53,1,1,18,-293.72,1,0,0,-4.03,0
1.06,5,0,23,-661.9,0,0,0,7.04,0
5.09,4,1,22,852.86,0,0,0,12.84,0
9.82,2,1,16,461.55,1,0,1,-20.27,0
8.57,3,0,20,460.0,0,0,0,4.17,0
1.0,2,1,16,183.83,0,0,0,13.57,0
0.97,3,0,14,299.55,0,0,0,7.66,0
1.87,2,0,20,-616.08,0,0,0,-1.21,0
2.69,2,1,18,55.81,1,0,0,39.15,0
3.15,3,0,19,-464.38,0,0,0,28.96,0
6.83,2,1,18,-694.47,3,0,0,0.14,1
0.35,3,0,18,205.48,2,0,1,-2.85,1
0.21,2,0,20,579.07,0,0,1,10.5,0
2.98,2,0,16,-191.68,0,0,0,-0.86,0
7.17,1,1,15,-106.01,1,0,0,19.07,0
1.29,1,0,10,-569.08,2,0,1,-19.01,0
6.16,2,1,20,3.61,0,0,0,-3.61,0
1.81,1,1,16,380.04,2,0,0,10.28,1
13.03,1,0,15,395.76,2,0,0,15.06,0
13.56,4,1,18,272.59,0,0,0,-22.21,0
2.12,1,0,22,-309.22,1,0,0,-14.31,0
1.57,3,1,22,-325.06,0,0,0,-25.14,0
3.18,2,0,12,397.7,0,0,0,-13.1,0
1.65,4,1,27,406.0,0,0,1,-19.16,0
6.7,2,1,20,-86.0,0,0,0,8.09,0
10.49,2,1,12,-213.09,1,0,0,3.44,0
6.71,2,0,13,583.62,0,0,0,-2.31,0
10.44,2,1,11,-179.97,0,0,0,0.39,0
3.03,3,0,16,372.97,2,2,0,17.91,1
1.02,1,1,14,-68.42,0,2,0,-15.63,1
8.04,5,1,16,-523.77,0,0,0,-28.95,0
2.68,2,1,15,806.16,0,2,0,10.66,0
6.68,2,1,20,60.03,0,0,1,-5.86,0
1.89,3,0,18,-355.37,2,0,0,-15.28,0
0.51,2,0,15,-695.4,0,0,0,8.31,0
29.42,4,1,21,-645.0,0,0,1,-29.51,0
1.02,2,0,19,-186.46,0,0,0,-12.86,0
26.75,3,0,13,962.56,0,0,1,-35.83,0
22.71,1,1,15,-292.33,0,2,1,3.89,0
9.47,4,1,16,723.73,0,0,0,23.61,0
6.46,3,1,16,-65.38,0,0,0,-8.6,0
5.17,1,1,15,-590.58,0,0,0,-11.87,0
12.06,1,1,19,-236.61,0,0,0,26.77,0
2.05,2,1,18,-640.49,0,0,0,9.41,0
3.78,5,0,21,-427.98,0,0,0,35.71,0
5.8,2,1,15,-442.87,1,1,0,2.41,0
3.18,2,1,7,-951.9,0,2,0,3.4,1
3.35,1,1,22,756.4,0,0,0,21.67,0
2.41,2,1,14,105.51,2,0,0,-2.23,1
4.98,3,1,22,-343.14,2,0,1,3.71,0
11.41,5,0,16,110.88,0,0,1,-36.32,0
1.35,2,1,19,-417.74,0,0,0,26.07,0
16.35,4,0,24,-1335.53,0,0,0,5.86,0
7.01,2,1,21,1478.35,3,0,0,-1.61,0
10.4,1,0,19,94.8,0,0,0,13.61,0
4.87,2,0,17,-294.51,3,0,0,-17.72,1
9.07,3,1,22,-966.96,0,0,0,-8.27,0
0.1,5,0,19,-747.07,0,0,0,8.3,0
10.24,4,1,12,827.25,1,0,0,0.66,0
0.25,1,0,12,750.97,1,0,0,6.7,1
13.24,1,1,10,376.61,1,0,1,3.74,0
28.94,1,0,17,-557.54,2,0,0,9.46,0
2.09,5,0,19,754.99,1,0,0,-19.81,0
1.42,4,0,8,224.89,0,0,1,19.17,0
8.7,3,1,9,327.46,0,0,1,-7.26,0
1.75,2,1,18,223.09,0,0,0,0.87,0
12.04,2,0,22,-753.49,0,0,0,-9.01,0
0.65,2,0,17,-599.08,0,0,0,-4.31,0
0.81,2,0,16,-255.11,0,0,0,3.44,0
23.22,2,1,15,321.82,0,0,0,11.03,0
6.72,1,0,20,-690.22,0,0,0,13.52,0
11.26,1,1,14,-87.67,3,0,0,6.49,0
2.35,4,1,20,-88.3,0,1,0,-8.94,1
6.77,3,1,18,396.37,0,0,0,5.54,0
5.41,2,1,11,337.34,0,0,0,3.6,0
5.55,2,0,16,-505.11,0,0,0,0.89,0
6.88,2,1,18,723.34,0,1,0,8.01,0
5.14,3,0,16,-581.62,0,0,0,-19.14,0
3.36,3,0,21,546.12,0,0,0,-30.4,0
1.94,3,1,19,-275.07,1,0,0,17.85,0
8.78,3,1,17,81.96,1,0,0,-1.97,0
1.54,1,0,20,112.99,0,0,0,6.24,0
7.07,2,1,17,98.85,1,0,0,-13.01,0
1.59,2,0,19,337.25,0,0,0,18.93,0
5.89,2,0,20,195.73,1,0,0,5.25,0
8.25,3,1,14,391.82,0,0,0,-2.69,0
1.48,2,1,16,232.31,0,0,0,4.29,0
0.37,1,1,20,-632.23,1,0,0,-26.13,0
0.84,2,0,27,134.9,0,0,0,5.6,0
5.59,5,1,18,-281.93,0,1,0,22.3,0
11.36,1,1,21,-554.63,0,0,0,4.73,0
0.28,3,1,17,-144.92,1,2,0,2.79,0
7.95,2,0,22,91.62,0,0,0,-4.76,0
2.51,1,1,19,124.84,0,0,0,16.24,0
3.91,2,1,17,528.01,2,0,1,18.47,0
15.86,3,0,19,653.65,2,0,0,-6.48,0
2.42,2,0,24,168.14,0,0,0,5.38,0
3.76,4,0,26,258.55,0,0,1,3.48,0
0.1,2,0,7,47.65,0,0,0,6.03,0
0.51,1,0,16,383.61,0,0,0,-11.59,0
1.8,5,0,17,243.49,1,0,0,17.14,0
0.17,2,0,18,-27.24,1,2,0,8.48,1
5.99,3,0,21,1075.99,0,1,0,18.04,0
3.33,3,0,14,-273.09,0,0,0,-16.73,0
4.77,2,1,15,727.23,0,0,0,-15.85,0
1.15,3,1,18,-677.15,0,0,0,30.89,0
2.11,1,0,16,406.81,0,0,0,17.21,0
6.54,2,1,31,718.28,0,0,1,-12.23,0
20.17,1,0,22,-953.61,0,0,0,13.02,0
0.31,4,1,21,69.48,0,0,0,-6.99,0
13.26,1,0,17,357.71,0,0,0,-25.48,0
5.16,3,1,15,125.98,0,0,0,-31.5,1
4.98,5,0,13,189.08,0,0,0,-0.33,0
4.16,2,0,21,68.11,0,0,0,23.41,0
0.43,2,1,17,-547.12,0,0,1,22.82,0
0.57,2,1,21,1184.02,1,0,0,18.9,0
5.51,2,1,11,-251.77,1,0,0,12.45,0
2.5,2,1,21,217.08,1,1,0,4.76,0
14.95,3,1,13,-323.42,0,0,0,17.28,0
3.13,5,1,23,-1137.93,0,0,1,-30.16,0
0.93,5,0,17,-462.26,0,0,1,14.85,0
7.53,4,1,15,-723.8,2,0,1,-16.82,0
2.08,4,0,14,545.78,2,0,0,-13.69,0
4.47,2,1,11,-303.43,2,0,0,10.44,0
7.18,3,0,18,-257.05,0,1,0,13.93,0
13.83,4,1,17,-532.17,1,0,1,-9.15,0
9.43,2,0,17,47.02,2,0,0,9.69,0
6.77,5,0,24,-358.23,0,0,0,8.44,0
6.83,2,0,10,496.18,0,0,1,-4.66,0
17.5,3,1,20,151.02,0,0,0,2.31,0
2.1,3,0,22,-285.91,0,1,1,31.21,0
0.1,5,1,20,425.12,0,0,0,-4.22,0
1.9,1,1,29,3.97,2,0,1,-3.71,0
1.47,3,1,19,10.75,2,1,0,2.25,0
6.51,2,1,21,-731.32,3,0,0,-2.74,1
6.03,2,1,17,-35.54,0,0,0,11.86,0
5.4,3,0,19,160.77,0,0,0,22.04,0
0.1,3,1,14,666.78,1,0,0,-3.7,0
7.83,3,1,28,-375.95,0,0,0,-12.85,0
2.35,2,1,17,1139.05,0,0,0,29.62,0
6.56,2,0,18,278.43,1,0,0,1.8,0
4.88,3,0,14,-759.71,0,0,0,-25.57,1
2.52,2,1,23,-422.6,0,0,0,27.93,0
0.87,1,0,12,710.5,0,1,0,16.89,0
0.6,5,1,14,621.61,3,0,0,24.02,0
10.69,2,1,16,9.05,0,0,0,21.51,0
15.04,3,1,19,74.96,0,0,1,39.67,0
6.3,2,0,20,-582.31,3,0,0,-15.55,0
0.66,2,0,18,660.72,0,0,0,-11.93,0
3.09,2,1,20,-493.88,0,0,0,-7.38,0
7.83,2,1,20,422.37,0,0,0,-7.81,0
9.08,2,1,13,676.02,0,0,0,1.84,0
0.75,2,0,15,24.08,0,0,1,-7.35,0
0.1,2,0,21,483.81,2,0,0,-17.84,0
7.47,1,1,15,923.82,0,0,0,-13.12,1
2.65,2,1,12,133.98,1,0,0,-4.41,0
1.76,1,0,17,-87.65,0,0,0,17.16,0
0.1,1,0,21,-33.43,0,0,0,-8.63,1
4.66,5,0,22,-371.49,0,0,1,12.15,0
11.43,3,0,16,-382.79,0,0,0,-19.82,0
18.97,3,0,16,221.2,0,0,0,-47.98,0
5.0,2,1,15,-81.97,0,0,0,-2.0,0
4.33,4,1,16,163.78,0,1,1,-9.15,0
0.53,3,1,19,-744.97,1,0,0,-13.23,1
4.78,3,0,14,-46.31,0,0,0,-14.98,1
2.87,2,1,15,515.06,0,0,0,-10.61,0
5.61,5,1,12,-559.46,1,0,1,-14.81,0
2.95,4,1,12,8.26,0,0,0,-13.45,0
1.65,4,1,11,-927.3,2,0,0,-20.38,0
0.6,1,0,21,-652.73,0,0,0,-31.94,1
2.27,2,1,24,403.83,3,1,0,-33.14,0
0.61,2,1,13,-154.64,0,0,0,36.92,0
1.17,2,0,15,911.04,3,1,0,-0.95,1
26.21,4,1,12,216.22,0,0,0,22.87,0
3.52,1,0,19,265.3,1,0,1,-2.66,0
4.55,1,0,21,-538.24,2,0,0,-2.16,0
12.41,2,0,25,-192.55,0,0,0,4.6,0
32.51,1,0,15,-366.32,2,0,1,9.6,0
5.24,1,1,18,-532.72,0,0,0,-18.7,0
10.04,3,0,15,331.95,0,0,0,-5.7,0
2.38,3,1,12,432.26,0,1,0,4.57,1
2.19,1,1,17,199.47,0,0,1,-29.0,1
3.09,2,1,23,-414.03,0,0,1,19.46,0
6.7,2,1,18,165.37,4,0,0,15.94,0
6.88,1,0,14,-956.34,1,1,0,-31.53,1
2.27,3,1,22,661.5,1,1,1,-13.19,0
0.86,3,0,22,-649.08,0,0,0,1.57,1
6.0,3,1,14,-560.23,0,0,0,12.63,0
0.82,3,1,17,57.65,0,0,0,22.89,0
5.18,1,0,11,102.08,0,1,0,-9.56,0
7.09,5,1,17,-36.37,0,0,1,35.07,0
7.24,4,0,18,-555.06,1,0,1,-0.73,0
8.4,4,1,26,566.67,1,0,1,-3.36,0
12.37,1,1,23,-842.97,0,0,1,8.43,0
4.16,5,1,17,-741.63,0,0,0,4.66,0
7.86,4,0,11,-53.49,0,0,0,3.82,0
5.79,4,1,16,-632.12,0,3,1,29.94,0
1.24,1,1,22,611.31,0,0,0,3.71,0
0.16,3,1,13,-589.11,0,0,0,-14.76,0
2.01,5,0,18,778.51,0,0,1,-12.6,0
3.51,3,0,18,517.56,2,0,0,22.09,0
5.76,3,0,20,617.53,0,0,0,10.26,1
11.38,5,1,14,943.55,1,2,0,-23.35,0
1.31,2,0,17,40.61,0,0,0,-24.08,0
0.8,3,0,13,-506.49,0,2,0,0.38,0
19.86,2,0,16,-51.5,1,0,0,9.25,0
0.69,5,0,20,-283.33,0,0,1,-10.17,0
3.91,1,0,9,-354.6,0,0,0,-25.2,1
5.29,2,1,23,75.43,0,0,0,-16.88,0
4.68,3,0,29,-155.85,1,0,0,24.69,0
0.54,3,0,15,-376.1,0,0,0,7.45,0
0.35,3,1,20,-122.7,0,0,0,15.0,0
0.67,4,1,19,274.49,0,0,0,17.47,0
5.29,5,0,21,478.21,0,0,0,-9.39,0
4.72,1,1,22,-801.46,1,2,1,-5.6,0
1.6,2,0,17,-151.6,1,0,0,-2.52,0
6.09,1,1,19,-70.67,0,1,0,6.25,0
10.29,2,1,17,-591.26,0,0,0,16.34,0
0.25,2,1,16,-59.85,3,0,1,28.05,1
4.14,4,1,13,74.0,0,0,0,12.21,0
7.01,4,1,16,259.42,1,0,0,12.32,0
1.74,1,1,14,38.58,0,0,0,28.9,0
2.21,1,0,15,-440.47,0,1,0,-3.08,0
5.71,3,0,9,1006.02,2,0,0,17.84,0
13.69,2,1,19,414.56,0,0,0,8.67,0
9.96,2,1,15,276.36,1,1,0,9.22,1
5.25,4,1,18,502.42,1,0,0,-3.22,0
7.86,5,1,16,122.3,0,0,0,-20.91,0
2.72,2,1,15,643.15,1,0,0,5.17,0
6.15,4,1,20,28.44,0,0,0,5.24,0
3.77,2,1,19,0.87,1,0,0,-8.63,0
1.26,3,1,11,317.61,5,0,0,-1.45,0
7.26,2,1,19,788.18,3,0,0,-13.23,0
4.88,1,0,32,756.02,1,0,1,-13.1,1
2.66,5,1,24,296.42,0,0,0,-7.21,0
14.54,2,0,26,258.31,1,0,0,-19.93,0
0.13,3,0,22,348.02,1,1,0,-8.75,0
2.28,2,0,24,492.81,0,0,0,10.71,0
0.35,1,0,16,649.37,0,0,0,21.84,0
8.73,1,1,22,-118.29,0,1,0,31.13,0
7.27,2,1,16,659.03,0,0,0,-6.0,0
2.41,3,1,23,171.5,2,3,0,18.0,0
6.76,2,0,16,325.47,0,0,0,5.04,1
3.02,3,0,14,690.97,0,0,0,-3.56,0
8.47,3,0,24,373.53,0,0,0,6.03,0
3.63,3,1,23,458.0,2,0,0,16.53,0
3.19,2,0,20,-194.71,3,0,1,-7.47,0
16.38,4,1,21,749.16,0,0,0,-7.82,0
1.73,2,1,13,347.84,1,0,0,-6.15,0
0.77,2,0,23,63.03,0,0,1,-9.4,1
5.27,1,1,23,550.54,0,0,0,17.98,0
20.91,2,0,16,1293.92,1,0,1,-11.46,0
2.85,1,1,16,-584.46,0,0,0,-8.81,0
0.38,3,0,21,-401.87,0,0,0,4.67,0
2.49,1,1,14,1342.65,0,0,0,3.45,0
4.23,2,0,22,213.35,0,0,0,-6.15,0
1.06,3,0,18,95.43,0,1,0,25.25,0
6.44,2,0,18,-57.69,0,1,0,-9.46,0
36.58,1,1,19,604.22,0,0,0,-2.57,0
3.61,1,0,20,1305.62,0,3,0,-28.9,1
2.63,3,1,16,-332.59,0,1,0,-4.57,0
3.07,1,1,23,-48.44,0,0,1,-19.84,0
0.73,2,1,21,-175.36,2,0,0,-13.74,1
12.89,2,0,21,366.43,0,0,0,-29.34,0
3.22,3,1,15,611.2,5,0,0,-13.39,0
2.94,3,0,21,810.47,0,0,0,-1.13,0
6.47,4,0,20,383.36,1,0,0,-3.66,0
3.5,1,1,14,1259.67,0,1,1,-6.22,0
6.27,2,0,15,-287.38,1,0,1,-4.87,0
0.38,2,1,18,-417.27,0,0,0,-7.57,0
10.08,1,0,26,734.67,0,0,0,-0.52,0
16.93,2,1,17,61.42,0,0,0,-1.65,0
6.28,2,1,21,-687.97,0,0,0,4.12,0
18.55,2,1,21,-158.03,1,0,0,-3.01,0
0.99,3,1,23,127.83,2,1,1,-6.5,0
3.89,2,1,27,-323.12,0,0,0,11.67,0
5.52,3,1,18,-507.33,3,0,1,9.04,0
5.23,2,1,19,-103.81,0,0,0,-0.49,0
3.08,2,1,31,-532.27,1,1,0,17.93,0
2.48,2,1,15,317.57,3,0,0,1.24,1
0.81,1,0,18,-971.9,0,0,0,-2.42,1
2.98,1,0,17,45.21,0,0,0,-1.03,0
1.07,2,0,18,259.75,0,0,0,2.48,1
7.95,5,0,17,-45.27,0,0,0,-13.76,0
1.41,3,0,24,546.61,1,1,0,-28.1,0
0.36,1,0,14,-685.28,1,1,0,4.22,0
4.82,4,1,14,-350.54,4,1,0,12.51,1
5.43,3,0,21,-165.02,0,0,0,-15.01,1
12.33,3,1,22,356.36,0,0,1,16.1,0
5.16,4,0,18,109.25,0,3,0,-24.7,0
2.54,2,0,19,1071.68,2,0,1,-8.38,1
9.75,1,1,20,-402.89,0,0,0,25.59,0
4.66,2,0,17,-697.49,5,0,1,5.34,0
0.5,2,1,15,894.54,0,0,0,-4.54,0
5.01,2,1,12,-715.43,0,0,0,3.78,0
14.32,3,1,18,341.53,0,1,0,17.95,0
3.03,5,0,16,-489.34,2,2,0,-21.68,0
2.11,4,0,7,-1034.66,0,0,0,19.77,0
0.93,4,0,16,-187.39,1,0,0,-7.35,0
0.99,4,1,23,449.75,0,0,0,10.63,0
3.4,5,1,20,-610.89,0,0,0,-9.21,0
5.43,1,0,18,288.05,0,3,0,25.26,0
0.5,2,1,20,381.43,1,0,0,-0.47,0
16.84,2,0,14,-635.85,0,0,1,-19.93,0
8.44,4,1,19,-113.88,2,0,1,7.05,0
5.3,2,1,17,788.54,0,0,0,19.52,0
10.58,3,1,14,325.3,0,0,1,17.82,0
0.5,1,0,20,-130.75,0,0,0,1.4,0
3.89,2,1,16,207.65,0,0,0,12.18,0
5.97,3,1,14,-342.63,1,0,0,-6.32,0
10.58,1,1,12,556.85,1,0,0,8.87,0
9.18,2,1,21,556.63,0,1,0,5.44,0
1.95,2,1,14,60.45,3,0,0,-43.43,0
16.97,2,1,18,115.35,0,0,0,-15.01,1
0.8,3,0,17,-499.4,2,0,0,3.12,0
12.48,2,1,9,-676.02,0,0,0,2.47,0
21.23,3,0,21,-188.3,0,1,0,-0.44,0
1.17,1,0,13,-43.7,0,0,0,1.34,1
7.68,4,1,16,531.31,0,0,0,18.12,0
0.25,2,1,16,461.21,5,1,1,5.31,1
3.12,3,0,23,92.42,0,0,0,-34.99,0
4.36,3,1,17,595.27,0,0,1,29.22,0
5.21,1,1,10,-471.74,0,1,0,-28.6,0
16.49,4,1,17,538.67,0,1,0,14.37,0
6.69,3,0,15,-395.21,0,0,0,-23.46,0
3.94,2,0,18,619.85,0,0,0,21.35,0
9.95,1,0,17,-6.67,0,0,1,-4.17,0
18.04,5,0,15,-999.14,0,0,0,5.76,0
0.13,3,1,23,365.08,0,1,0,-29.79,1
24.28,1,1,17,404.77,0,0,0,10.94,0
0.54,2,1,11,-228.29,1,0,0,6.24,1
10.1,4,1,21,-185.63,1,0,1,9.26,0
1.97,3,1,9,-79.77,1,0,0,14.24,0
0.85,3,1,18,-962.58,4,0,0,2.68,0
3.48,2,1,17,-1182.36,2,0,1,-3.16,0
6.2,3,1,17,650.81,0,0,0,-12.16,0
2.88,2,1,13,-412.03,0,2,0,-6.65,0
0.34,1,0,20,927.63,2,2,0,18.1,0
5.49,3,0,18,685.2,0,0,0,-12.57,0
13.96,5,0,18,783.6,0,2,0,-27.65,0
2.9,2,1,20,-325.15,0,0,0,-14.81,1
1.46,2,1,13,-804.2,5,1,1,9.09,0
3.51,3,1,15,-543.44,2,0,0,-4.54,0
0.3,2,1,16,-223.23,0,0,0,9.07,0
10.31,4,1,19,-1186.61,3,0,0,-30.01,0
10.5,3,0,18,-237.71,5,0,0,-44.74,1
5.32,1,0,17,-100.84,0,1,0,3.96,0
2.61,5,1,14,-647.21,2,0,0,15.07,1
9.65,3,1,16,-520.24,2,3,0,-25.66,1
4.85,4,1,15,-110.3,0,0,0,7.89,0
10.49,3,1,15,178.14,1,0,1,17.85,0
5.99,4,1,16,-445.41,0,1,0,-0.07,0
9.21,1,1,18,146.13,1,0,0,13.52,0
5.48,2,1,15,68.42,2,0,1,2.86,0
3.21,4,1,19,23.44,0,0,0,-3.94,1
19.01,1,1,15,-326.01,0,0,1,12.32,0
4.67,1,1,10,-666.69,3,0,0,28.69,1
5.57,3,1,17,848.23,4,0,0,-8.37,0
1.49,4,0,23,315.15,0,0,0,-1.32,0
5.9,1,1,28,502.87,3,0,0,-14.86,0
5.09,4,0,19,-41.81,0,2,0,2.33,1
1.23,3,0,11,-82.01,0,0,0,-2.35,0
0.37,2,0,21,245.33,1,0,0,17.38,0
5.56,4,0,16,-917.34,1,0,0,21.3,1
8.66,2,0,21,-557.32,1,0,1,11.82,0
4.45,1,0,22,-398.89,0,0,0,15.7,0
1.54,2,1,15,-227.28,0,0,0,-10.57,0
6.59,2,1,18,-439.85,3,0,0,-14.32,1
0.5,2,0,17,166.4,0,1,0,6.55,0
3.5,4,0,16,40.72,0,0,1,0.3,1
1.07,3,0,18,696.43,2,0,0,29.99,0
1.22,3,0,18,1236.88,0,0,0,-28.82,0
1.36,3,0,19,-631.43,0,0,0,9.29,0
2.93,1,0,17,73.65,0,0,1,9.05,0
0.32,1,0,10,72.76,2,0,0,-11.43,0
3.04,4,1,12,-7.1,5,0,0,-14.51,0
4.3,1,0,14,-542.41,0,0,0,-5.09,0
3.96,1,0,20,-458.6,0,0,0,-24.62,0
2.9,3,0,19,120.2,0,0,0,21.86,0
10.96,2,0,13,-472.68,2,0,0,40.51,0
0.94,4,1,14,79.64,0,0,0,-5.12,0
4.23,2,1,19,-122.97,1,0,0,-9.59,0
0.38,1,0,16,70.83,0,0,0,-19.66,0
0.44,2,0,22,-476.65,0,0,0,-16.44,0
5.12,3,1,12,78.73,2,0,0,-8.84,0
5.01,2,1,20,-440.48,0,0,0,18.13,0
12.62,2,0,21,80.35,2,0,0,47.9,0
4.9,4,0,17,669.7,0,0,0,-10.84,0
19.28,4,0,15,130.49,0,1,0,-13.53,0
0.3,2,0,15,160.94,0,0,0,-17.52,1
0.62,2,1,16,408.6,0,3,0,6.76,0
0.27,2,1,14,-701.78,0,0,0,5.16,0
1.23,5,1,13,859.46,1,0,0,1.51,0
4.68,5,0,21,-527.79,0,0,0,-6.66,0
6.22,1,1,18,439.83,2,0,0,20.39,0
0.28,3,0,20,373.45,0,0,0,11.46,0
17.51,2,1,16,-451.08,0,0,1,10.81,0
11.08,1,1,26,504.44,0,0,0,5.55,0
2.11,1,0,17,248.91,2,0,0,-2.84,0
0.48,2,1,11,944.99,0,0,0,-10.73,0
1.12,2,0,14,96.69,0,0,0,7.8,0
0.81,1,1,17,-54.27,0,0,0,6.35,0
0.79,3,1,21,-257.38,0,0,1,8.51,0
4.39,2,1,19,-871.68,0,0,0,-23.47,0
1.69,3,1,20,-159.11,0,0,0,5.09,0
2.66,2,0,21,-137.95,0,0,1,-4.63,0
27.34,1,1,21,131.03,0,0,0,-13.18,0
6.92,2,1,19,-711.55,1,0,0,10.93,0
17.85,1,1,23,-119.51,1,0,0,2.66,1
0.92,2,0,20,288.13,1,0,0,35.31,1
2.89,1,0,24,337.75,0,0,0,7.27,0
4.85,2,1,13,-929.91,0,0,0,-4.46,0
0.48,1,0,19,353.2,2,0,0,-1.62,0
0.1,3,0,25,-123.29,0,0,0,-17.58,1
6.66,3,0,14,-92.51,0,1,0,18.46,1
6.16,1,1,21,-1182.26,2,0,0,4.72,1
3.17,2,0,20,746.79,4,2,0,4.98,1
4.04,1,0,19,88.4,2,0,1,-15.96,1
3.22,3,0,13,-765.73,5,0,0,11.69,0
0.15,2,0,22,187.6,2,0,0,-14.03,0
2.45,2,0,16,172.24,1,0,1,-8.31,1
1.17,2,1,22,611.27,0,0,0,1.88,1
0.62,5,0,16,-154.84,3,0,0,-8.71,0
18.84,2,1,18,6.0,2,0,0,-11.88,0
5.49,3,0,22,-321.4,0,0,0,-0.75,0
7.83,2,1,20,298.97,0,0,0,15.15,0
2.27,5,1,15,-391.75,0,0,1,13.43,0
3.0,3,0,24,-446.5,3,0,0,10.61,0
1.62,2,0,20,-33.9,0,0,0,7.29,0
0.61,4,1,22,-612.93,0,0,0,-7.13,0
1.18,2,1,15,801.07,0,0,0,16.81,0
9.58,4,1,12,963.63,5,0,0,-26.04,0
6.79,4,0,22,-226.8,0,0,0,6.51,0
4.75,1,0,14,-693.3,0,0,0,12.62,0
3.87,3,1,19,168.3,0,0,0,-1.35,0
15.34,2,0,16,-241.05,0,0,0,-10.83,0
0.45,2,0,19,587.34,0,0,0,-0.56,0
1.98,2,1,15,-393.57,0,0,0,-11.36,0
2.58,3,0,13,272.26,0,0,0,7.71,0
9.15,1,1,10,57.0,0,1,0,14.19,0
29.37,1,0,16,-338.13,0,0,1,6.7,0
1.65,3,1,18,120.02,0,0,0,5.81,0
12.44,1,1,21,439.27,3,0,0,11.4,0
10.65,1,1,26,43.42,0,0,0,13.14,0
1.53,1,1,18,48.64,0,0,0,-11.67,0
3.06,2,0,15,-436.39,0,0,0,-23.07,0
3.16,2,1,16,572.1,0,1,0,4.17,1
22.96,1,1,14,522.27,0,0,0,13.87,0
1.2,5,0,22,-205.28,0,0,0,-23.71,0
9.63,3,1,20,-62.14,1,0,0,1.03,0
2.44,2,1,19,707.11,0,0,1,16.93,0
7.88,2,0,19,-566.79,0,0,0,-1.75,0
3.27,2,0,20,302.14,3,1,0,22.82,0
5.18,3,1,17,-279.31,0,0,0,20.01,0
10.72,1,1,12,889.04,1,0,0,-2.74,0
9.78,1,0,15,31.72,0,0,0,-5.52,0
12.08,4,1,12,630.19,0,0,0,-5.24,0
0.37,2,1,19,-380.66,0,0,0,2.02,1
7.07,2,1,20,-624.26,0,0,0,-17.6,0
0.9,4,1,13,-117.13,2,0,0,-20.38,0
3.23,3,0,16,131.34,0,0,0,-34.07,0
4.77,2,0,23,-255.37,0,0,0,-0.32,0
3.09,3,0,16,379.15,0,0,0,30.58,0
4.4,1,0,14,-104.98,0,0,0,-29.86,1
33.98,3,1,18,-1040.72,1,0,1,-2.76,0
0.87,2,1,15,276.41,0,0,0,-3.21,0
6.75,4,0,18,-441.27,1,0,0,-2.28,0
3.03,5,1,23,-180.8,1,0,1,18.85,0
0.86,5,1,19,776.57,0,0,0,-13.33,0
1.04,4,0,17,886.41,0,0,0,-29.19,0
17.89,2,0,25,-287.75,0,0,1,-8.01,0
12.7,2,1,15,288.89,0,0,0,-10.02,0
14.25,2,0,14,-276.14,0,0,0,-33.46,0
28.63,3,0,26,-143.44,4,0,0,3.68,0
1.4,4,1,19,-302.89,0,0,0,-17.79,0
2.64,1,0,17,-862.17,0,0,1,-1.25,1
6.64,4,1,27,47.53,0,0,0,-5.44,0
3.97,4,1,12,144.08,0,0,0,-16.11,0
3.25,5,0,16,-335.5,0,1,0,13.36,0
2.66,4,0,17,543.9,0,0,0,-4.22,0
5.41,2,1,21,-218.04,0,0,0,0.81,0
5.14,1,1,16,-318.61,0,0,1,8.8,0
1.06,1,1,23,263.25,1,0,1,4.33,0
3.83,2,0,15,-771.34,2,0,0,2.18,0
4.84,3,1,11,453.34,0,0,0,-12.36,0
5.07,4,1,17,-201.08,2,0,0,-16.68,0
1.42,4,1,13,494.64,0,0,0,2.37,0
8.14,3,1,21,644.07,1,0,0,-14.43,0
0.15,1,1,34,320.08,0,1,0,11.92,0
2.63,1,0,14,-405.99,2,0,0,-1.94,1
9.09,1,1,18,-625.42,2,0,0,9.73,0
4.98,2,1,14,-717.04,1,0,0,-14.79,0
1.82,2,0,17,551.46,1,0,1,-17.12,0
7.12,1,0,29,-67.4,0,0,0,25.18,0
5.03,2,1,17,-299.61,0,0,1,-2.24,0
9.54,1,1,20,-66.04,0,0,0,13.7,0
7.97,3,0,16,540.31,0,0,1,-21.18,0
5.65,2,1,20,389.37,0,2,0,-4.25,0
4.02,2,0,18,219.25,0,0,0,19.54,0
0.86,2,1,18,318.94,1,0,0,-23.47,0
1.82,5,1,18,90.09,0,0,0,34.13,0
3.26,1,1,20,151.06,0,0,0,3.04,0
5.49,2,0,19,110.51,1,0,0,-12.28,0
4.33,3,0,19,-0.03,0,0,0,5.28,0
2.04,3,1,17,376.69,0,1,0,16.64,0
0.1,5,1,17,180.64,4,0,0,-12.38,0
4.11,2,1,15,-440.36,2,0,0,-10.23,1
2.02,2,1,15,264.44,0,0,0,3.74,0
7.96,1,0,22,123.62,0,0,0,6.95,0
0.15,3,1,12,305.71,0,0,0,-2.98,0
5.27,2,0,17,-52.1,0,0,0,6.04,1
17.03,1,0,15,405.87,0,0,0,12.8,0
1.15,2,0,24,-30.7,3,1,0,2.6,1
3.83,2,0,22,361.94,3,1,1,-10.37,0
0.58,1,1,19,-228.24,1,0,1,-0.31,0
5.9,3,1,25,-193.63,0,0,0,26.34,0
4.8,3,1,16,301.03,0,0,0,5.0,0
3.14,1,1,20,-165.89,0,1,0,18.6,0
4.42,2,1,17,1102.89,0,0,1,-7.72,0
13.61,3,1,26,283.22,0,0,0,3.94,0
1.31,2,0,21,12.46,1,1,0,11.91,0
0.14,2,1,11,409.95,1,0,1,22.47,0
11.87,2,0,13,-240.34,1,1,1,18.41,1
5.16,3,0,18,461.51,0,1,1,-16.79,1
13.28,5,0,15,447.62,1,0,0,17.28,0
5.45,3,1,15,626.77,0,1,1,25.29,0
9.97,1,1,24,-220.4,1,0,1,-8.62,1
3.37,2,1,16,-611.37,0,0,0,-13.42,0
8.31,4,1,21,-305.08,0,0,1,-0.37,0
14.65,1,1,18,-140.82,0,0,0,2.69,0
5.09,5,0,12,833.61,0,0,0,-5.25,0
1.2,5,1,19,1097.51,5,2,0,-17.8,0
1.88,1,1,28,172.33,0,0,0,22.09,0
1.33,5,0,17,4.7,3,1,0,-12.9,0
1.7,2,1,18,-174.95,0,0,1,-7.6,1
2.2,4,1,10,412.35,0,0,0,1.64,0
4.86,2,0,23,1094.29,0,0,1,-22.09,0
5.32,2,1,16,892.93,0,0,0,-23.23,0
3.34,3,0,16,568.99,0,0,0,-6.48,0
5.73,3,1,17,561.65,0,3,1,12.38,0
0.51,1,0,23,416.15,1,0,0,2.82,1
0.55,3,1,18,-23.65,0,0,1,-30.89,0
1.13,1,1,16,-368.27,0,0,0,20.84,0
4.38,2,0,15,-10.41,0,0,1,11.96,0
1.44,2,1,13,211.17,1,1,0,2.87,0
2.0,2,1,25,-726.82,1,0,0,2.46,0
3.07,2,1,19,-76.48,0,0,1,10.1,0
10.02,1,1,12,-412.97,0,0,0,34.89,0
0.1,1,1,13,506.92,0,1,1,13.21,0
6.29,1,0,21,-274.85,3,0,1,4.44,0
6.63,2,0,18,164.11,0,0,0,-18.41,0
9.62,5,0,14,-350.01,1,0,0,2.47,0
16.2,1,1,21,798.85,0,1,0,11.6,0
0.12,5,1,25,-850.38,0,0,0,-1.73,0
1.0,3,0,18,237.92,4,0,0,-7.84,0
13.04,3,0,23,-638.63,0,0,0,8.3,0
3.68,3,1,22,-254.67,2,0,1,-14.82,0
4.99,4,1,20,103.09,0,0,0,13.02,0
6.53,1,1,14,127.68,0,0,0,-6.53,0
6.82,2,1,17,114.63,1,0,0,-31.84,1
16.11,3,0,22,75.87,3,0,0,-6.82,0
34.75,3,1,18,-320.92,2,0,0,-0.86,0
7.64,4,0,22,-82.03,0,1,0,8.29,0
2.03,1,1,25,15.82,0,0,1,6.56,0
12.71,3,1,22,97.68,0,0,0,-19.36,0
0.3,2,0,21,-32.84,0,0,0,1.83,0
1.58,2,1,15,364.8,0,0,0,-8.01,0
13.66,2,1,23,46.69,0,0,1,-5.4,0
1.78,3,0,20,100.66,1,0,1,-14.97,0
1.5,4,0,24,-191.33,1,0,0,-0.76,0
0.89,2,0,24,-526.22,2,1,0,46.99,0
11.76,4,1,21,77.01,3,0,0,27.85,0
4.16,2,1,18,603.72,0,0,0,-14.98,0
6.74,1,0,25,221.93,2,0,0,0.99,0
1.64,1,1,26,-408.75,1,0,0,-4.71,1
8.51,1,0,23,407.37,3,2,0,2.13,1
8.56,2,1,19,-167.56,0,0,0,13.74,0
2.25,2,1,15,357.33,0,0,0,-1.94,0
3.17,3,0,21,-184.4,1,1,0,-10.68,1
1.41,3,1,18,176.65,3,0,0,17.35,0
22.52,1,1,11,-259.25,1,0,0,-18.51,0
6.22,1,1,21,-246.53,1,0,1,2.84,0
16.36,2,1,21,-783.13,0,0,0,-22.29,0
2.17,2,1,23,256.04,1,0,0,-15.39,0
9.14,1,1,23,185.08,1,0,1,11.17,0
8.71,1,1,17,213.22,1,0,0,-10.19,0
7.06,5,0,4,137.67,1,0,0,-28.15,0
20.22,4,1,15,-381.13,0,0,0,-10.84,0
3.0,1,0,20,482.95,1,0,0,-12.45,1
0.84,2,1,20,496.39,0,0,0,-18.94,0
6.68,2,0,16,-394.12,4,0,1,8.25,0
7.84,3,1,18,266.06,0,0,0,-23.2,0
5.13,2,0,12,437.5,0,0,0,-8.82,0
1.39,1,0,15,-235.05,5,0,0,2.0,0
4.21,3,0,20,-148.02,0,1,0,-5.14,0
2.25,2,0,14,267.06,0,0,1,-6.06,0
3.35,2,1,20,-755.16,1,0,0,-10.84,0
6.22,2,0,21,-544.26,0,0,0,-18.28,1
8.2,2,0,24,-494.89,0,3,0,-9.55,1
1.59,2,0,19,-898.16,2,1,0,9.86,1
3.12,1,1,17,542.47,0,0,0,-6.51,1
1.88,2,0,24,-994.07,0,0,0,2.5,0
1.33,1,1,18,171.56,0,1,0,16.76,0
9.18,3,1,30,405.84,0,0,0,9.0,0
14.4,1,1,20,-146.8,0,0,0,-19.14,0
2.77,1,1,22,-334.18,0,0,1,6.72,0
8.35,3,0,11,116.42,2,0,1,15.72,1
13.64,3,0,15,0.92,0,0,0,-8.73,0
11.23,4,0,20,501.75,0,0,0,-23.78,0
1.21,2,0,17,-1314.26,0,0,0,-6.61,0
18.78,1,1,19,-459.35,0,0,0,2.82,0
2.84,3,0,23,280.79,0,0,1,8.89,1
2.49,3,1,13,25.22,0,0,0,-7.81,0
0.39,1,0,11,376.02,2,0,0,-30.53,1
4.0,4,0,9,131.01,0,1,0,-19.15,0
0.69,1,0,15,-67.37,0,0,0,5.4,0
1.71,5,1,20,-151.14,1,0,0,29.86,0
2.29,4,0,15,1162.53,0,0,0,-0.33,0
9.93,3,1,17,767.47,0,0,0,19.69,0
12.5,5,1,18,247.75,0,0,0,-15.85,0
2.16,3,0,14,39.23,3,0,1,-9.71,0
11.74,1,1,13,269.07,3,1,0,-35.1,0
11.68,2,0,17,413.42,0,0,0,5.54,0
8.68,1,1,13,209.41,0,0,0,-13.4,0
0.95,2,1,22,-375.69,0,0,0,8.99,0
7.03,3,0,17,892.26,1,2,0,-7.53,1
17.41,2,1,19,123.1,0,0,0,30.33,0
6.88,2,1,18,1006.97,0,0,0,26.9,0
2.42,3,1,19,93.57,1,0,1,-34.55,0
4.17,4,1,16,-122.83,0,0,1,8.87,0
6.23,1,0,20,692.07,0,0,1,-11.15,0
4.29,2,1,18,150.59,2,0,0,9.7,0
0.77,1,0,18,66.71,1,0,1,-20.16,0
2.24,3,0,15,-600.18,1,0,0,21.62,1
9.73,1,1,17,330.11,2,0,0,15.46,0
11.86,3,0,16,-246.66,0,0,0,-21.21,0
0.89,2,0,20,-223.9,0,0,0,-2.72,0
18.27,1,1,20,-245.27,0,0,1,2.44,0
2.39,5,1,21,219.52,0,0,0,10.79,0
6.51,1,1,19,-767.69,0,0,0,-0.18,0
8.36,2,0,16,-105.42,0,0,0,11.8,0
10.03,1,0,13,490.14,0,0,0,-1.06,0
17.48,2,1,19,-622.83,0,0,0,9.18,0
2.25,2,0,16,86.44,0,0,0,-20.52,0
11.73,2,0,26,-315.7,0,1,1,-0.39,1
0.85,1,0,13,-201.85,1,0,0,17.25,1
7.33,2,0,18,827.58,0,0,0,21.17,0
8.13,3,1,16,-825.24,0,0,0,2.6,0
6.79,3,0,19,382.82,5,0,0,-1.49,0
1.74,2,0,21,-238.96,1,3,0,20.52,1
12.38,3,0,19,-263.83,0,0,0,-1.51,0
1.11,1,1,16,-555.78,0,0,0,17.17,1
0.33,2,1,13,376.95,0,0,0,-1.6,0
7.58,1,1,21,-95.7,0,0,0,0.6,0
3.87,1,1,11,-158.83,0,1,0,-16.57,0
11.35,1,0,13,54.92,0,2,0,-18.74,0
2.9,2,1,17,-85.14,0,1,0,14.67,0
1.11,3,0,13,-1000.34,0,0,0,25.84,0
10.86,5,0,19,-245.41,0,0,0,1.59,0
4.78,1,0,22,447.72,0,0,0,-2.49,0
1.26,3,1,22,-753.31,2,0,0,15.34,0
7.65,4,0,20,-544.97,0,0,0,5.06,0
4.29,3,0,15,-213.4,0,0,0,-35.97,0
5.56,2,0,15,-362.81,0,0,1,14.91,0
3.71,2,1,25,-13.94,0,0,0,-20.05,0
10.59,1,1,22,-546.54,0,0,0,-0.18,0
10.62,2,1,12,-193.93,0,2,0,-6.62,0
7.41,3,1,16,-24.0,0,0,0,-9.61,0
0.67,1,1,22,324.47,1,0,0,0.7,0
10.95,1,0,13,622.39,0,0,0,13.4,0
6.67,3,0,14,-130.77,0,0,0,0.47,0
7.16,3,1,25,944.03,3,0,1,21.15,0
2.71,2,1,21,-91.95,0,0,1,23.01,0
12.69,3,0,15,414.44,0,0,0,22.87,0
7.75,2,1,18,965.75,0,0,1,-0.84,0
0.72,1,0,17,69.65,0,0,0,-7.17,0
3.14,2,1,14,-686.76,0,0,0,-0.51,0
13.05,3,1,22,45.45,0,1,0,16.88,0
0.29,5,1,16,-305.82,0,0,0,15.98,0
19.53,1,0,22,-137.22,0,0,0,-38.93,0
6.82,2,1,14,992.49,0,1,0,4.59,0
5.99,2,0,21,-611.38,1,0,0,-35.52,0
1.89,2,1,19,150.23,1,0,0,-0.29,0
1.72,1,1,17,-438.86,0,1,0,-7.94,0
17.09,2,0,19,-153.83,5,0,1,-12.55,0
2.13,4,1,20,372.42,1,1,0,12.74,0
8.96,3,0,20,159.08,1,0,0,-9.71,0
3.0,2,1,12,-112.52,0,0,0,-0.14,0
0.9,2,1,19,-324.9,2,0,1,-13.99,1
0.1,2,0,20,158.04,3,0,0,1.11,0
4.71,2,0,14,853.84,0,0,0,14.4,0
22.32,4,1,18,-450.68,1,1,0,-13.17,0
2.76,5,0,17,955.83,1,0,0,9.6,0
2.65,2,1,17,599.75,0,0,1,0.85,1
2.53,2,0,6,684.68,0,0,0,0.71,0
4.41,4,0,11,154.22,0,0,1,-5.26,0
3.49,2,1,16,585.56,0,0,0,11.6,0
12.72,3,1,21,-504.42,0,0,0,10.06,0
4.23,1,1,14,-334.02,0,0,1,-2.0,1
4.25,3,1,16,382.91,0,0,0,3.04,0
0.89,2,1,16,147.92,2,0,0,11.14,0
24.36,4,0,19,-74.19,0,0,0,8.12,0
1.73,3,0,19,-1251.3,0,0,1,-4.6,0
0.46,1,1,19,-217.74,0,0,0,17.49,1
6.53,3,1,22,-587.03,2,0,1,12.96,0
5.43,4,0,22,246.77,0,0,1,31.67,0
3.22,2,0,15,-95.58,1,0,0,-23.54,0
3.29,1,1,18,-314.15,0,0,0,10.53,0
9.22,1,1,16,1321.46,0,0,1,17.28,0
1.31,2,1,15,519.09,0,0,0,15.08,0
10.3,2,1,23,527.94,0,0,0,-3.79,0
6.28,3,1,19,1101.11,1,0,0,-20.45,0
3.26,1,1,11,401.1,0,1,0,23.09,0
3.68,4,1,18,-385.48,0,0,0,-7.23,0
1.78,2,0,13,-443.95,1,0,0,-4.43,0
8.37,1,1,14,482.45,0,0,0,31.0,0
4.32,2,1,20,-1029.68,0,0,0,-19.1,0
2.32,2,1,8,-38.89,3,2,0,12.28,0
5.44,1,0,19,-1085.56,0,0,1,-11.31,0
32.74,2,0,14,49.42,2,0,0,-11.64,0
3.43,1,1,18,427.04,1,0,1,2.51,0
15.21,3,1,17,139.71,0,0,0,10.15,0
2.54,3,0,12,469.05,0,3,1,14.25,0
0.34,2,1,16,982.41,0,0,0,16.22,0
1.37,3,1,14,-71.77,0,0,1,-10.6,1
3.25,3,1,21,1403.83,1,0,0,-17.15,0
1.49,1,0,19,106.33,0,0,0,-5.14,1
0.1,5,0,20,474.58,0,0,1,5.21,0
14.79,4,0,16,-305.53,0,0,0,-3.08,0
11.14,1,1,20,809.66,0,0,0,-54.47,0
8.14,1,0,20,520.86,1,0,0,-27.41,0
1.1,1,0,23,735.73,1,0,0,-3.61,0
0.77,1,0,16,27.25,1,0,0,12.83,1
0.42,3,1,18,-627.71,2,0,0,-13.57,1
7.72,2,1,15,230.2,0,0,0,11.0,0
15.85,3,0,23,-848.51,0,0,0,-22.44,0
3.38,3,1,25,-168.09,0,0,0,3.83,0
0.76,3,1,18,95.54,4,1,0,3.94,0
4.31,3,1,25,1188.61,0,0,0,7.03,0
2.57,1,0,13,159.27,3,3,1,-15.12,0
2.82,2,0,18,69.77,1,0,1,-23.21,1
5.83,3,1,26,-31.52,1,0,0,10.89,1
7.61,1,0,13,-671.05,0,0,0,-22.89,0
0.7,1,0,17,42.91,0,0,0,-11.56,0
0.22,4,0,15,51.44,0,0,0,20.88,0
31.04,3,1,22,-484.3,0,0,1,2.55,0
1.59,2,1,23,-593.37,2,0,0,5.53,0
0.33,3,1,17,-240.79,1,0,0,9.37,0
1.26,3,1,12,32.47,1,0,0,8.84,0
0.24,2,0,17,-228.78,0,0,0,-0.32,0
2.98,1,1,15,-525.44,0,0,0,-13.52,0
9.73,5,0,18,144.64,1,0,0,40.26,0
2.5,2,1,21,269.43,0,0,0,-4.39,0
3.52,1,1,19,60.65,2,0,0,4.97,0
6.75,2,1,17,-281.49,1,0,1,6.6,0
4.27,3,1,21,297.42,0,0,0,-7.99,0
11.86,1,1,13,-95.27,0,0,1,-6.39,0
12.06,2,0,17,-594.54,1,0,1,22.32,0
0.1,1,1,17,518.12,0,0,0,-11.08,0
9.03,5,0,16,176.75,0,0,0,6.19,0
3.71,1,0,15,-59.65,0,0,0,13.44,0
26.97,3,1,19,-785.53,0,2,0,-3.21,0
3.96,5,0,21,-372.43,1,3,0,-1.41,1
26.01,1,0,22,1009.28,0,0,0,14.35,0
8.43,5,1,18,-754.17,1,0,0,-2.06,0
1.71,5,1,14,-125.67,0,0,0,-31.16,0
4.64,4,0,20,-8.17,3,0,0,22.56,0
29.07,1,1,17,160.24,5,3,0,-14.63,0
11.69,3,1,15,-748.59,1,0,0,3.23,0
0.61,3,0,9,87.09,0,0,1,-19.77,0
7.35,5,1,22,-843.05,0,2,0,-7.66,0
2.54,1,1,23,48.71,0,0,1,-6.55,1
0.1,3,0,12,-326.2,0,0,0,2.61,0
3.1,2,0,17,-432.93,0,0,0,-13.16,0
1.61,1,1,23,417.41,1,0,0,29.74,0
10.25,2,1,9,-117.8,0,0,0,0.37,0
2.47,3,0,20,236.86,0,2,0,13.22,0
10.54,2,0,18,253.41,0,1,0,-0.13,0
0.1,2,1,21,634.98,2,0,1,14.96,0
2.21,5,1,26,-604.13,0,0,0,-31.51,0
1.66,2,1,17,459.51,0,0,1,-10.57,0
1.6,3,0,16,8.23,2,0,0,-7.83,0
0.42,2,0,14,-189.06,0,0,0,-7.95,1
1.24,2,0,19,-574.63,1,0,0,7.78,0
4.87,3,0,26,303.3,0,2,1,8.81,1
2.07,5,0,22,-461.11,0,2,0,-1.11,0
3.24,2,1,23,258.9,0,0,0,-0.74,0
2.84,3,0,20,963.92,2,0,0,36.61,1
12.52,1,0,18,489.99,0,0,0,4.87,0
14.14,1,1,19,695.72,0,0,0,-33.38,0
4.07,2,1,17,-359.5,0,0,0,11.55,0
2.4,1,0,18,381.37,0,0,0,8.39,0
0.68,2,1,28,-572.11,0,0,0,17.39,1
18.4,2,1,24,-116.74,3,0,1,8.98,0
0.37,1,0,20,870.64,2,1,1,-13.57,0
2.12,2,0,12,-303.92,0,3,0,13.35,1
2.12,2,1,17,555.68,0,0,0,1.49,0
2.32,3,0,18,507.82,0,0,0,15.69,0
1.08,5,1,31,537.37,3,0,0,23.22,0
9.17,3,1,17,-633.5,0,0,0,-1.83,0
0.78,2,1,15,262.6,0,0,0,13.14,0
6.05,5,0,22,-78.3,1,0,1,15.5,0
0.79,3,0,17,544.25,0,0,1,2.38,0
0.44,1,0,17,-827.5,0,0,0,29.37,1
14.41,1,0,21,183.89,0,0,0,15.68,0
1.27,3,1,27,113.19,0,0,0,-8.78,0
10.33,3,1,11,-995.06,1,0,0,3.9,0
4.72,3,0,10,-442.71,0,0,1,12.9,0
0.49,3,1,17,-915.08,0,0,0,28.8,0
18.67,3,0,15,-363.18,0,0,0,9.31,0
1.7,5,0,27,274.61,1,0,0,4.34,0
11.78,2,0,19,97.68,2,2,1,18.96,0
1.11,1,1,22,84.7,0,0,1,-3.29,0
11.54,4,1,17,-519.87,0,0,0,-14.85,0
0.1,2,1,17,560.23,0,0,1,10.56,0
4.3,3,1,21,-9.41,0,0,1,-5.67,0
8.8,5,0,25,16.85,0,0,0,40.74,0
16.38,3,1,19,470.2,0,0,0,3.79,0
14.39,3,1,10,-495.67,4,0,0,10.65,0
10.28,2,1,17,114.27,0,0,0,-9.42,0
13.15,2,1,20,211.73,0,1,0,18.97,0
1.33,2,1,14,-272.78,1,0,1,-0.4,1
2.01,3,1,20,326.19,0,0,1,-1.87,0
2.05,3,1,8,238.56,0,0,0,-1.51,0
2.84,3,1,16,-50.59,0,0,0,-19.37,0
3.0,1,1,10,-66.08,0,0,0,-3.76,1
4.72,2,1,16,261.77,3,0,0,8.19,0
1.05,3,1,26,394.24,0,0,0,-23.18,0
7.05,2,1,18,31.45,0,0,0,15.33,0
1.1,2,0,12,560.09,2,0,0,-4.03,0
2.23,3,0,17,329.26,0,3,0,3.67,0
4.2,3,0,11,-894.23,0,1,0,-33.51,0
9.55,2,1,13,-702.45,0,0,0,3.37,0
8.07,4,1,19,591.12,4,0,0,-15.65,0
6.22,1,0,17,-123.39,0,1,0,-5.27,0
1.02,5,1,21,82.09,0,1,1,-23.51,0
4.75,1,0,16,569.65,0,1,0,-13.23,0
0.55,1,1,19,-3.21,4,0,0,-2.45,0
2.84,4,1,15,18.63,1,0,0,-4.08,0
3.2,1,0,14,-434.36,0,0,0,13.27,0
0.24,3,1,15,185.0,1,0,0,-28.02,0
1.92,4,1,16,293.26,2,0,0,-0.77,0
18.69,4,1,25,-288.94,1,3,0,-1.49,1
18.43,5,1,22,-461.01,1,0,0,-6.87,0
2.61,2,1,22,1313.14,0,2,1,-13.7,0
0.26,3,0,11,-46.45,0,0,0,16.53,0
1.18,1,0,24,-341.85,1,0,0,30.72,1
2.99,2,0,19,353.29,0,0,0,-25.71,1
17.71,4,1,15,-25.4,0,0,0,-13.86,0
0.91,2,0,21,-542.88,0,0,0,-15.07,0
8.65,3,0,23,241.53,2,0,1,-4.22,1
0.69,2,1,12,-426.56,1,2,0,18.84,0
23.86,3,0,28,788.23,0,0,0,7.92,0
2.88,5,0,24,247.25,1,0,0,-2.31,0
8.96,1,0,20,-138.44,1,0,0,0.25,0
2.52,3,1,12,54.67,2,0,1,-4.79,0
5.93,4,1,25,451.64,0,0,0,11.08,0
1.28,2,0,15,92.98,0,0,0,12.91,1
0.95,1,1,18,1061.05,1,0,0,8.87,0
16.69,3,0,24,567.93,0,0,1,-32.95,0
14.98,2,0,21,243.8,0,0,0,0.2,0
13.11,1,0,18,-468.49,0,0,1,-2.8,0
5.89,4,1,10,-73.44,1,0,1,14.87,0
9.91,2,0,14,239.44,0,0,0,3.59,0
0.43,5,1,21,-411.43,0,0,0,8.35,0
2.45,4,0,18,646.71,0,0,0,-7.43,0
2.26,3,0,19,-487.08,0,0,0,14.09,0
6.06,1,1,18,-318.61,3,2,1,18.51,1
2.64,2,0,19,-281.15,0,0,0,-24.4,0
0.96,1,1,16,371.91,0,0,0,-19.44,0
5.44,4,1,15,-402.47,0,0,0,11.44,0
10.1,1,1,15,-899.99,0,0,0,-2.59,0
2.89,2,1,21,544.02,2,0,0,15.43,0
0.85,2,1,13,-222.19,5,0,0,3.63,0
1.31,2,1,20,-534.25,0,0,0,10.39,0
1.63,1,0,16,-377.43,0,0,0,-11.21,0
2.14,3,0,8,858.38,0,0,0,5.1,0
6.18,1,0,28,-328.52,0,1,1,5.14,0
5.51,1,1,18,-61.68,0,0,1,-10.33,0
7.15,2,0,19,-223.46,0,0,0,15.03,0
2.7,3,0,15,-616.33,1,0,0,-28.43,0
10.42,3,1,13,-371.36,1,0,0,3.12,1
1.37,2,0,10,-650.55,0,0,0,-19.41,0
3.8,3,1,23,477.94,1,0,0,-15.33,0
9.68,2,0,23,50.44,2,0,0,14.79,0
1.19,5,1,18,1241.34,0,0,0,-16.5,0
0.7,1,1,25,-354.46,3,0,0,-17.13,0
12.91,3,0,20,-429.43,1,0,0,8.7,0
2.52,4,1,17,766.88,0,0,0,-16.66,0
6.91,4,1,17,528.99,2,0,1,15.27,0
0.15,1,0,15,192.38,0,0,0,9.67,0
7.03,2,0,16,-556.85,0,0,0,-11.66,0
2.28,3,0,25,872.5,0,0,1,14.71,0
0.34,1,1,19,-36.05,2,0,0,-29.08,1
5.65,4,1,18,-215.34,0,0,1,7.09,0
1.65,3,0,19,571.48,0,0,1,-18.69,0
2.93,3,1,19,-11.15,0,0,0,-7.85,0
0.5,1,1,19,-582.84,0,0,0,-6.88,0
0.96,3,1,22,20.15,1,0,1,19.22,0
2.12,3,1,22,-390.67,0,1,0,-7.52,0
0.56,4,1,13,-1504.67,0,0,0,-1.18,0
14.5,1,1,16,-440.86,2,3,1,-6.57,1
0.1,1,1,19,-263.87,1,0,0,-14.74,1
3.97,2,1,20,-577.82,2,0,0,-15.45,1
0.79,1,1,22,287.62,0,1,1,4.63,0
2.21,3,1,15,-388.72,0,0,0,-0.4,0
15.63,4,0,12,239.21,1,0,0,11.44,0
1.06,2,0,9,-616.66,0,0,0,-3.63,0
20.26,4,1,21,454.61,1,0,0,-3.14,0
1.38,1,1,19,-638.24,0,0,0,11.49,1
8.12,1,1,25,-1170.77,0,0,0,-5.58,0
4.75,1,1,12,618.63,0,3,0,-21.59,0
12.95,2,1,23,-427.95,0,0,0,12.71,0
4.84,4,1,13,878.46,0,0,0,-10.16,0
4.59,1,0,18,282.3,0,0,0,1.0,0
1.3,3,0,16,395.13,1,0,1,-9.4,1
1.09,2,1,16,522.74,0,0,0,-14.59,0
14.9,5,1,15,56.34,0,0,0,-28.48,0
2.38,1,0,20,62.03,0,0,0,5.09,0
2.79,1,1,12,640.67,0,0,1,-50.91,0
8.56,1,0,20,55.68,0,0,0,19.48,0
2.48,2,1,14,-364.09,2,0,0,15.48,0
18.23,2,0,17,292.88,0,1,0,-13.64,0
8.03,4,0,21,-1056.82,0,0,0,23.82,0
5.46,3,0,12,659.78,0,0,0,30.91,0
12.77,3,1,16,670.22,1,0,0,-4.1,0
0.31,2,1,22,599.08,0,1,0,6.16,0
1.78,1,1,19,579.89,0,0,0,2.04,0
3.75,2,0,18,-42.09,0,0,0,22.7,0
1.54,5,1,18,-53.34,0,0,0,-20.89,0
8.17,4,1,14,-614.82,0,0,0,-3.41,0
15.1,4,1,17,874.02,0,0,0,13.79,0
3.31,4,1,31,-242.51,0,0,0,12.2,0
2.51,1,1,24,169.94,0,0,0,-0.64,0
19.55,1,0,18,127.02,0,2,0,20.88,0
3.53,1,1,18,-670.21,0,0,0,3.5,1
4.03,2,1,16,-872.34,0,0,0,1.71,0
2.6,1,0,16,2.79,0,0,0,10.46,1
14.42,2,0,15,-226.88,0,0,0,-0.91,0
5.05,3,0,11,-44.72,2,0,0,0.75,1
8.62,4,1,17,532.71,0,0,0,-11.81,0
10.02,3,0,14,112.47,0,3,0,44.0,0
2.51,5,1,19,379.26,1,0,0,-7.1,0
3.41,1,1,17,222.66,0,0,0,10.94,0
11.32,1,1,14,-158.17,0,0,0,28.63,0
2.71,3,1,28,-500.9,0,0,0,-20.14,0
9.48,2,1,24,132.36,0,0,0,9.17,0
16.98,2,0,26,41.95,0,0,0,0.35,0
5.86,2,1,16,457.58,0,0,0,26.92,0
8.12,2,1,21,-75.45,0,1,0,-13.64,0
9.81,2,1,18,-148.67,3,0,0,-11.28,0
11.19,2,1,16,-114.75,2,0,0,-0.75,0
3.02,2,0,19,-459.36,4,0,0,-7.4,1
0.32,3,1,21,723.45,0,0,0,-6.89,0
3.08,2,0,22,569.81,2,0,0,30.43,0
6.72,2,1,21,-606.51,1,0,0,1.91,0
3.59,1,0,21,401.97,2,0,0,-11.77,0
8.29,2,0,17,-922.5,0,0,1,-5.85,0
2.65,3,0,7,492.64,1,3,0,6.07,1
6.04,3,0,19,-348.18,0,0,0,5.06,0
1.24,3,0,16,179.95,0,0,0,-8.66,0
8.3,1,1,18,-964.75,0,0,0,-24.42,0
4.73,3,1,17,-599.35,2,0,1,-0.76,0
1.37,3,0,18,234.35,0,0,0,-1.16,0
2.07,2,0,14,-350.45,0,0,0,-9.69,0
8.28,2,1,21,-419.98,3,1,0,19.2,1
3.95,2,1,18,697.93,0,0,0,8.62,0
1.46,3,0,16,1105.48,2,0,0,2.02,0
20.52,3,1,22,468.51,1,0,1,-5.41,0
7.53,1,1,15,-545.94,0,0,0,26.0,0
18.9,3,1,21,881.76,0,0,0,-17.32,0
3.34,1,0,29,-780.72,0,2,0,-7.45,0
3.87,1,0,14,-152.25,5,0,0,-6.79,1
13.69,5,1,14,27.39,2,2,0,4.48,0
4.47,5,1,25,962.02,0,0,0,9.91,0
7.37,1,1,19,456.33,0,0,0,-20.05,0
1.74,2,1,15,-231.88,0,0,1,-10.27,0
3.55,1,0,17,-472.48,1,0,0,6.71,0
0.79,2,1,15,501.1,0,0,0,-9.98,0
1.38,4,1,14,-266.68,0,3,0,-6.03,0
0.1,5,0,20,108.37,1,1,0,2.59,0
0.24,3,0,10,-684.89,0,0,0,-14.7,1
22.71,2,1,19,284.63,0,0,0,4.16,0
1.67,3,1,17,244.35,1,0,0,9.19,0
6.53,2,0,13,-620.81,0,1,0,0.58,0
10.96,4,1,28,515.81,0,0,0,21.38,0
4.8,4,0,18,277.37,1,0,0,10.88,0
1.0,3,1,8,370.01,0,0,0,-0.61,0
7.81,2,0,16,-189.34,0,0,0,-4.82,0
5.5,2,0,21,89.48,2,0,0,26.32,0
7.88,1,0,12,31.69,0,0,0,-9.92,0
8.81,4,0,16,-74.09,1,0,0,-4.08,0
22.23,2,0,18,85.25,0,0,0,-6.15,0
5.11,2,0,18,628.22,0,0,1,5.97,0
2.51,2,1,17,537.48,0,0,0,33.83,0
6.27,4,1,9,-590.93,0,0,0,3.7,0
0.43,1,0,16,492.7,1,0,0,-4.83,0
13.66,4,0,26,595.57,0,0,0,2.83,1
0.76,4,1,15,-75.59,0,0,0,-19.69,0
2.38,5,1,16,254.22,1,0,0,-2.82,0
10.15,2,0,14,247.0,0,0,0,25.56,0
5.46,1,1,9,-424.98,1,0,1,9.93,0
